Date,Time Slot,Estimated Hourly Footfall,Day of Week,Temperature,Cloud Cover,Icon
2024-01-01,06:00 - 07:00,515,Monday,21.0,0.0,clear-day
2024-01-01,07:00 - 08:00,1754,Monday,21.0,0.0,clear-day
2024-01-01,08:00 - 09:00,2933,Monday,21.0,0.0,clear-day
2024-01-01,09:00 - 10:00,2467,Monday,21.0,0.0,clear-day
2024-01-01,10:00 - 11:00,4340,Monday,21.0,0.0,clear-day
2024-01-01,11:00 - 12:00,1615,Monday,21.0,0.0,clear-day
2024-01-01,12:00 - 13:00,971,Monday,21.0,0.0,clear-day
2024-01-01,13:00 - 14:00,1268,Monday,21.0,0.0,clear-day
2024-01-01,14:00 - 15:00,1496,Monday,21.0,0.0,clear-day
2024-01-01,15:00 - 16:00,1030,Monday,21.0,0.0,clear-day
2024-01-01,16:00 - 17:00,1179,Monday,21.0,0.0,clear-day
2024-01-01,17:00 - 18:00,2725,Monday,21.0,0.0,clear-day
2024-01-01,18:00 - 19:00,3617,Monday,21.0,0.0,clear-day
2024-01-01,19:00 - 20:00,3260,Monday,21.0,0.0,clear-day
2024-01-01,20:00 - 21:00,2378,Monday,21.0,0.0,clear-day
2024-01-01,21:00 - 22:00,1952,Monday,21.0,0.0,clear-day
2024-01-01,22:00 - 23:00,416,Monday,21.0,0.0,clear-day
2024-01-02,06:00 - 07:00,463,Tuesday,19.8,4.6,clear-day
2024-01-02,07:00 - 08:00,1577,Tuesday,19.8,4.6,clear-day
2024-01-02,08:00 - 09:00,2638,Tuesday,19.8,4.6,clear-day
2024-01-02,09:00 - 10:00,2219,Tuesday,19.8,4.6,clear-day
2024-01-02,10:00 - 11:00,3903,Tuesday,19.8,4.6,clear-day
2024-01-02,11:00 - 12:00,1452,Tuesday,19.8,4.6,clear-day
2024-01-02,12:00 - 13:00,873,Tuesday,19.8,4.6,clear-day
2024-01-02,13:00 - 14:00,1140,Tuesday,19.8,4.6,clear-day
2024-01-02,14:00 - 15:00,1345,Tuesday,19.8,4.6,clear-day
2024-01-02,15:00 - 16:00,926,Tuesday,19.8,4.6,clear-day
2024-01-02,16:00 - 17:00,1060,Tuesday,19.8,4.6,clear-day
2024-01-02,17:00 - 18:00,2451,Tuesday,19.8,4.6,clear-day
2024-01-02,18:00 - 19:00,3253,Tuesday,19.8,4.6,clear-day
2024-01-02,19:00 - 20:00,2932,Tuesday,19.8,4.6,clear-day
2024-01-02,20:00 - 21:00,2139,Tuesday,19.8,4.6,clear-day
2024-01-02,21:00 - 22:00,1755,Tuesday,19.8,4.6,clear-day
2024-01-02,22:00 - 23:00,374,Tuesday,19.8,4.6,clear-day
2024-01-03,06:00 - 07:00,541,Wednesday,19.4,4.2,clear-day
2024-01-03,07:00 - 08:00,1843,Wednesday,19.4,4.2,clear-day
2024-01-03,08:00 - 09:00,3083,Wednesday,19.4,4.2,clear-day
2024-01-03,09:00 - 10:00,2593,Wednesday,19.4,4.2,clear-day
2024-01-03,10:00 - 11:00,4562,Wednesday,19.4,4.2,clear-day
2024-01-03,11:00 - 12:00,1697,Wednesday,19.4,4.2,clear-day
2024-01-03,12:00 - 13:00,1020,Wednesday,19.4,4.2,clear-day
2024-01-03,13:00 - 14:00,1333,Wednesday,19.4,4.2,clear-day
2024-01-03,14:00 - 15:00,1572,Wednesday,19.4,4.2,clear-day
2024-01-03,15:00 - 16:00,1083,Wednesday,19.4,4.2,clear-day
2024-01-03,16:00 - 17:00,1239,Wednesday,19.4,4.2,clear-day
2024-01-03,17:00 - 18:00,2864,Wednesday,19.4,4.2,clear-day
2024-01-03,18:00 - 19:00,3801,Wednesday,19.4,4.2,clear-day
2024-01-03,19:00 - 20:00,3426,Wednesday,19.4,4.2,clear-day
2024-01-03,20:00 - 21:00,2499,Wednesday,19.4,4.2,clear-day
2024-01-03,21:00 - 22:00,2051,Wednesday,19.4,4.2,clear-day
2024-01-03,22:00 - 23:00,437,Wednesday,19.4,4.2,clear-day
2024-01-04,06:00 - 07:00,566,Thursday,18.7,4.2,clear-day
2024-01-04,07:00 - 08:00,1926,Thursday,18.7,4.2,clear-day
2024-01-04,08:00 - 09:00,3222,Thursday,18.7,4.2,clear-day
2024-01-04,09:00 - 10:00,2710,Thursday,18.7,4.2,clear-day
2024-01-04,10:00 - 11:00,4767,Thursday,18.7,4.2,clear-day
2024-01-04,11:00 - 12:00,1774,Thursday,18.7,4.2,clear-day
2024-01-04,12:00 - 13:00,1066,Thursday,18.7,4.2,clear-day
2024-01-04,13:00 - 14:00,1393,Thursday,18.7,4.2,clear-day
2024-01-04,14:00 - 15:00,1643,Thursday,18.7,4.2,clear-day
2024-01-04,15:00 - 16:00,1132,Thursday,18.7,4.2,clear-day
2024-01-04,16:00 - 17:00,1295,Thursday,18.7,4.2,clear-day
2024-01-04,17:00 - 18:00,2993,Thursday,18.7,4.2,clear-day
2024-01-04,18:00 - 19:00,3973,Thursday,18.7,4.2,clear-day
2024-01-04,19:00 - 20:00,3581,Thursday,18.7,4.2,clear-day
2024-01-04,20:00 - 21:00,2612,Thursday,18.7,4.2,clear-day
2024-01-04,21:00 - 22:00,2144,Thursday,18.7,4.2,clear-day
2024-01-04,22:00 - 23:00,457,Thursday,18.7,4.2,clear-day
2024-01-05,06:00 - 07:00,590,Friday,18.6,5.8,clear-day
2024-01-05,07:00 - 08:00,2009,Friday,18.6,5.8,clear-day
2024-01-05,08:00 - 09:00,3359,Friday,18.6,5.8,clear-day
2024-01-05,09:00 - 10:00,2826,Friday,18.6,5.8,clear-day
2024-01-05,10:00 - 11:00,4971,Friday,18.6,5.8,clear-day
2024-01-05,11:00 - 12:00,1850,Friday,18.6,5.8,clear-day
2024-01-05,12:00 - 13:00,1112,Friday,18.6,5.8,clear-day
2024-01-05,13:00 - 14:00,1452,Friday,18.6,5.8,clear-day
2024-01-05,14:00 - 15:00,1713,Friday,18.6,5.8,clear-day
2024-01-05,15:00 - 16:00,1180,Friday,18.6,5.8,clear-day
2024-01-05,16:00 - 17:00,1350,Friday,18.6,5.8,clear-day
2024-01-05,17:00 - 18:00,3121,Friday,18.6,5.8,clear-day
2024-01-05,18:00 - 19:00,4143,Friday,18.6,5.8,clear-day
2024-01-05,19:00 - 20:00,3734,Friday,18.6,5.8,clear-day
2024-01-05,20:00 - 21:00,2724,Friday,18.6,5.8,clear-day
2024-01-05,21:00 - 22:00,2236,Friday,18.6,5.8,clear-day
2024-01-05,22:00 - 23:00,476,Friday,18.6,5.8,clear-day
2024-01-06,06:00 - 07:00,474,Saturday,17.9,0.3,clear-day
2024-01-06,07:00 - 08:00,1616,Saturday,17.9,0.3,clear-day
2024-01-06,08:00 - 09:00,2703,Saturday,17.9,0.3,clear-day
2024-01-06,09:00 - 10:00,2274,Saturday,17.9,0.3,clear-day
2024-01-06,10:00 - 11:00,4000,Saturday,17.9,0.3,clear-day
2024-01-06,11:00 - 12:00,1488,Saturday,17.9,0.3,clear-day
2024-01-06,12:00 - 13:00,895,Saturday,17.9,0.3,clear-day
2024-01-06,13:00 - 14:00,1169,Saturday,17.9,0.3,clear-day
2024-01-06,14:00 - 15:00,1379,Saturday,17.9,0.3,clear-day
2024-01-06,15:00 - 16:00,949,Saturday,17.9,0.3,clear-day
2024-01-06,16:00 - 17:00,1086,Saturday,17.9,0.3,clear-day
2024-01-06,17:00 - 18:00,2511,Saturday,17.9,0.3,clear-day
2024-01-06,18:00 - 19:00,3333,Saturday,17.9,0.3,clear-day
2024-01-06,19:00 - 20:00,3004,Saturday,17.9,0.3,clear-day
2024-01-06,20:00 - 21:00,2192,Saturday,17.9,0.3,clear-day
2024-01-06,21:00 - 22:00,1799,Saturday,17.9,0.3,clear-day
2024-01-06,22:00 - 23:00,383,Saturday,17.9,0.3,clear-day
2024-01-07,06:00 - 07:00,394,Sunday,19.0,24.3,partly-cloudy-day
2024-01-07,07:00 - 08:00,1342,Sunday,19.0,24.3,partly-cloudy-day
2024-01-07,08:00 - 09:00,2244,Sunday,19.0,24.3,partly-cloudy-day
2024-01-07,09:00 - 10:00,1888,Sunday,19.0,24.3,partly-cloudy-day
2024-01-07,10:00 - 11:00,3321,Sunday,19.0,24.3,partly-cloudy-day
2024-01-07,11:00 - 12:00,1236,Sunday,19.0,24.3,partly-cloudy-day
2024-01-07,12:00 - 13:00,743,Sunday,19.0,24.3,partly-cloudy-day
2024-01-07,13:00 - 14:00,970,Sunday,19.0,24.3,partly-cloudy-day
2024-01-07,14:00 - 15:00,1145,Sunday,19.0,24.3,partly-cloudy-day
2024-01-07,15:00 - 16:00,788,Sunday,19.0,24.3,partly-cloudy-day
2024-01-07,16:00 - 17:00,902,Sunday,19.0,24.3,partly-cloudy-day
2024-01-07,17:00 - 18:00,2085,Sunday,19.0,24.3,partly-cloudy-day
2024-01-07,18:00 - 19:00,2767,Sunday,19.0,24.3,partly-cloudy-day
2024-01-07,19:00 - 20:00,2494,Sunday,19.0,24.3,partly-cloudy-day
2024-01-07,20:00 - 21:00,1820,Sunday,19.0,24.3,partly-cloudy-day
2024-01-07,21:00 - 22:00,1493,Sunday,19.0,24.3,partly-cloudy-day
2024-01-07,22:00 - 23:00,318,Sunday,19.0,24.3,partly-cloudy-day
2024-01-08,06:00 - 07:00,396,Monday,20.6,24.9,partly-cloudy-day
2024-01-08,07:00 - 08:00,1350,Monday,20.6,24.9,partly-cloudy-day
2024-01-08,08:00 - 09:00,2259,Monday,20.6,24.9,partly-cloudy-day
2024-01-08,09:00 - 10:00,1900,Monday,20.6,24.9,partly-cloudy-day
2024-01-08,10:00 - 11:00,3342,Monday,20.6,24.9,partly-cloudy-day
2024-01-08,11:00 - 12:00,1244,Monday,20.6,24.9,partly-cloudy-day
2024-01-08,12:00 - 13:00,747,Monday,20.6,24.9,partly-cloudy-day
2024-01-08,13:00 - 14:00,976,Monday,20.6,24.9,partly-cloudy-day
2024-01-08,14:00 - 15:00,1152,Monday,20.6,24.9,partly-cloudy-day
2024-01-08,15:00 - 16:00,793,Monday,20.6,24.9,partly-cloudy-day
2024-01-08,16:00 - 17:00,908,Monday,20.6,24.9,partly-cloudy-day
2024-01-08,17:00 - 18:00,2098,Monday,20.6,24.9,partly-cloudy-day
2024-01-08,18:00 - 19:00,2785,Monday,20.6,24.9,partly-cloudy-day
2024-01-08,19:00 - 20:00,2510,Monday,20.6,24.9,partly-cloudy-day
2024-01-08,20:00 - 21:00,1831,Monday,20.6,24.9,partly-cloudy-day
2024-01-08,21:00 - 22:00,1503,Monday,20.6,24.9,partly-cloudy-day
2024-01-08,22:00 - 23:00,320,Monday,20.6,24.9,partly-cloudy-day
2024-01-09,06:00 - 07:00,589,Tuesday,22.2,38.5,partly-cloudy-day
2024-01-09,07:00 - 08:00,2007,Tuesday,22.2,38.5,partly-cloudy-day
2024-01-09,08:00 - 09:00,3357,Tuesday,22.2,38.5,partly-cloudy-day
2024-01-09,09:00 - 10:00,2824,Tuesday,22.2,38.5,partly-cloudy-day
2024-01-09,10:00 - 11:00,4968,Tuesday,22.2,38.5,partly-cloudy-day
2024-01-09,11:00 - 12:00,1848,Tuesday,22.2,38.5,partly-cloudy-day
2024-01-09,12:00 - 13:00,1111,Tuesday,22.2,38.5,partly-cloudy-day
2024-01-09,13:00 - 14:00,1451,Tuesday,22.2,38.5,partly-cloudy-day
2024-01-09,14:00 - 15:00,1712,Tuesday,22.2,38.5,partly-cloudy-day
2024-01-09,15:00 - 16:00,1179,Tuesday,22.2,38.5,partly-cloudy-day
2024-01-09,16:00 - 17:00,1349,Tuesday,22.2,38.5,partly-cloudy-day
2024-01-09,17:00 - 18:00,3119,Tuesday,22.2,38.5,partly-cloudy-day
2024-01-09,18:00 - 19:00,4140,Tuesday,22.2,38.5,partly-cloudy-day
2024-01-09,19:00 - 20:00,3731,Tuesday,22.2,38.5,partly-cloudy-day
2024-01-09,20:00 - 21:00,2722,Tuesday,22.2,38.5,partly-cloudy-day
2024-01-09,21:00 - 22:00,2234,Tuesday,22.2,38.5,partly-cloudy-day
2024-01-09,22:00 - 23:00,476,Tuesday,22.2,38.5,partly-cloudy-day
2024-01-10,06:00 - 07:00,470,Wednesday,20.9,11.2,clear-day
2024-01-10,07:00 - 08:00,1600,Wednesday,20.9,11.2,clear-day
2024-01-10,08:00 - 09:00,2676,Wednesday,20.9,11.2,clear-day
2024-01-10,09:00 - 10:00,2251,Wednesday,20.9,11.2,clear-day
2024-01-10,10:00 - 11:00,3961,Wednesday,20.9,11.2,clear-day
2024-01-10,11:00 - 12:00,1474,Wednesday,20.9,11.2,clear-day
2024-01-10,12:00 - 13:00,886,Wednesday,20.9,11.2,clear-day
2024-01-10,13:00 - 14:00,1157,Wednesday,20.9,11.2,clear-day
2024-01-10,14:00 - 15:00,1365,Wednesday,20.9,11.2,clear-day
2024-01-10,15:00 - 16:00,940,Wednesday,20.9,11.2,clear-day
2024-01-10,16:00 - 17:00,1076,Wednesday,20.9,11.2,clear-day
2024-01-10,17:00 - 18:00,2486,Wednesday,20.9,11.2,clear-day
2024-01-10,18:00 - 19:00,3300,Wednesday,20.9,11.2,clear-day
2024-01-10,19:00 - 20:00,2975,Wednesday,20.9,11.2,clear-day
2024-01-10,20:00 - 21:00,2170,Wednesday,20.9,11.2,clear-day
2024-01-10,21:00 - 22:00,1781,Wednesday,20.9,11.2,clear-day
2024-01-10,22:00 - 23:00,379,Wednesday,20.9,11.2,clear-day
2024-01-11,06:00 - 07:00,447,Thursday,21.2,4.2,clear-day
2024-01-11,07:00 - 08:00,1522,Thursday,21.2,4.2,clear-day
2024-01-11,08:00 - 09:00,2546,Thursday,21.2,4.2,clear-day
2024-01-11,09:00 - 10:00,2142,Thursday,21.2,4.2,clear-day
2024-01-11,10:00 - 11:00,3768,Thursday,21.2,4.2,clear-day
2024-01-11,11:00 - 12:00,1402,Thursday,21.2,4.2,clear-day
2024-01-11,12:00 - 13:00,843,Thursday,21.2,4.2,clear-day
2024-01-11,13:00 - 14:00,1101,Thursday,21.2,4.2,clear-day
2024-01-11,14:00 - 15:00,1299,Thursday,21.2,4.2,clear-day
2024-01-11,15:00 - 16:00,894,Thursday,21.2,4.2,clear-day
2024-01-11,16:00 - 17:00,1023,Thursday,21.2,4.2,clear-day
2024-01-11,17:00 - 18:00,2366,Thursday,21.2,4.2,clear-day
2024-01-11,18:00 - 19:00,3140,Thursday,21.2,4.2,clear-day
2024-01-11,19:00 - 20:00,2830,Thursday,21.2,4.2,clear-day
2024-01-11,20:00 - 21:00,2064,Thursday,21.2,4.2,clear-day
2024-01-11,21:00 - 22:00,1695,Thursday,21.2,4.2,clear-day
2024-01-11,22:00 - 23:00,361,Thursday,21.2,4.2,clear-day
2024-01-12,06:00 - 07:00,466,Friday,22.1,0.3,clear-day
2024-01-12,07:00 - 08:00,1588,Friday,22.1,0.3,clear-day
2024-01-12,08:00 - 09:00,2655,Friday,22.1,0.3,clear-day
2024-01-12,09:00 - 10:00,2234,Friday,22.1,0.3,clear-day
2024-01-12,10:00 - 11:00,3929,Friday,22.1,0.3,clear-day
2024-01-12,11:00 - 12:00,1462,Friday,22.1,0.3,clear-day
2024-01-12,12:00 - 13:00,879,Friday,22.1,0.3,clear-day
2024-01-12,13:00 - 14:00,1148,Friday,22.1,0.3,clear-day
2024-01-12,14:00 - 15:00,1354,Friday,22.1,0.3,clear-day
2024-01-12,15:00 - 16:00,933,Friday,22.1,0.3,clear-day
2024-01-12,16:00 - 17:00,1067,Friday,22.1,0.3,clear-day
2024-01-12,17:00 - 18:00,2467,Friday,22.1,0.3,clear-day
2024-01-12,18:00 - 19:00,3274,Friday,22.1,0.3,clear-day
2024-01-12,19:00 - 20:00,2951,Friday,22.1,0.3,clear-day
2024-01-12,20:00 - 21:00,2153,Friday,22.1,0.3,clear-day
2024-01-12,21:00 - 22:00,1767,Friday,22.1,0.3,clear-day
2024-01-12,22:00 - 23:00,376,Friday,22.1,0.3,clear-day
2024-01-13,06:00 - 07:00,496,Saturday,22.3,0.0,clear-day
2024-01-13,07:00 - 08:00,1688,Saturday,22.3,0.0,clear-day
2024-01-13,08:00 - 09:00,2824,Saturday,22.3,0.0,clear-day
2024-01-13,09:00 - 10:00,2375,Saturday,22.3,0.0,clear-day
2024-01-13,10:00 - 11:00,4179,Saturday,22.3,0.0,clear-day
2024-01-13,11:00 - 12:00,1555,Saturday,22.3,0.0,clear-day
2024-01-13,12:00 - 13:00,935,Saturday,22.3,0.0,clear-day
2024-01-13,13:00 - 14:00,1221,Saturday,22.3,0.0,clear-day
2024-01-13,14:00 - 15:00,1440,Saturday,22.3,0.0,clear-day
2024-01-13,15:00 - 16:00,992,Saturday,22.3,0.0,clear-day
2024-01-13,16:00 - 17:00,1135,Saturday,22.3,0.0,clear-day
2024-01-13,17:00 - 18:00,2623,Saturday,22.3,0.0,clear-day
2024-01-13,18:00 - 19:00,3482,Saturday,22.3,0.0,clear-day
2024-01-13,19:00 - 20:00,3139,Saturday,22.3,0.0,clear-day
2024-01-13,20:00 - 21:00,2289,Saturday,22.3,0.0,clear-day
2024-01-13,21:00 - 22:00,1879,Saturday,22.3,0.0,clear-day
2024-01-13,22:00 - 23:00,400,Saturday,22.3,0.0,clear-day
2024-01-14,06:00 - 07:00,499,Sunday,20.2,5.0,clear-day
2024-01-14,07:00 - 08:00,1701,Sunday,20.2,5.0,clear-day
2024-01-14,08:00 - 09:00,2845,Sunday,20.2,5.0,clear-day
2024-01-14,09:00 - 10:00,2393,Sunday,20.2,5.0,clear-day
2024-01-14,10:00 - 11:00,4210,Sunday,20.2,5.0,clear-day
2024-01-14,11:00 - 12:00,1567,Sunday,20.2,5.0,clear-day
2024-01-14,12:00 - 13:00,942,Sunday,20.2,5.0,clear-day
2024-01-14,13:00 - 14:00,1230,Sunday,20.2,5.0,clear-day
2024-01-14,14:00 - 15:00,1451,Sunday,20.2,5.0,clear-day
2024-01-14,15:00 - 16:00,999,Sunday,20.2,5.0,clear-day
2024-01-14,16:00 - 17:00,1144,Sunday,20.2,5.0,clear-day
2024-01-14,17:00 - 18:00,2643,Sunday,20.2,5.0,clear-day
2024-01-14,18:00 - 19:00,3509,Sunday,20.2,5.0,clear-day
2024-01-14,19:00 - 20:00,3162,Sunday,20.2,5.0,clear-day
2024-01-14,20:00 - 21:00,2307,Sunday,20.2,5.0,clear-day
2024-01-14,21:00 - 22:00,1893,Sunday,20.2,5.0,clear-day
2024-01-14,22:00 - 23:00,403,Sunday,20.2,5.0,clear-day
2024-01-15,06:00 - 07:00,379,Monday,19.9,1.3,clear-day
2024-01-15,07:00 - 08:00,1293,Monday,19.9,1.3,clear-day
2024-01-15,08:00 - 09:00,2162,Monday,19.9,1.3,clear-day
2024-01-15,09:00 - 10:00,1819,Monday,19.9,1.3,clear-day
2024-01-15,10:00 - 11:00,3200,Monday,19.9,1.3,clear-day
2024-01-15,11:00 - 12:00,1191,Monday,19.9,1.3,clear-day
2024-01-15,12:00 - 13:00,716,Monday,19.9,1.3,clear-day
2024-01-15,13:00 - 14:00,935,Monday,19.9,1.3,clear-day
2024-01-15,14:00 - 15:00,1103,Monday,19.9,1.3,clear-day
2024-01-15,15:00 - 16:00,759,Monday,19.9,1.3,clear-day
2024-01-15,16:00 - 17:00,869,Monday,19.9,1.3,clear-day
2024-01-15,17:00 - 18:00,2009,Monday,19.9,1.3,clear-day
2024-01-15,18:00 - 19:00,2667,Monday,19.9,1.3,clear-day
2024-01-15,19:00 - 20:00,2404,Monday,19.9,1.3,clear-day
2024-01-15,20:00 - 21:00,1753,Monday,19.9,1.3,clear-day
2024-01-15,21:00 - 22:00,1439,Monday,19.9,1.3,clear-day
2024-01-15,22:00 - 23:00,306,Monday,19.9,1.3,clear-day
2024-01-16,06:00 - 07:00,374,Tuesday,20.1,5.7,clear-day
2024-01-16,07:00 - 08:00,1273,Tuesday,20.1,5.7,clear-day
2024-01-16,08:00 - 09:00,2129,Tuesday,20.1,5.7,clear-day
2024-01-16,09:00 - 10:00,1791,Tuesday,20.1,5.7,clear-day
2024-01-16,10:00 - 11:00,3151,Tuesday,20.1,5.7,clear-day
2024-01-16,11:00 - 12:00,1172,Tuesday,20.1,5.7,clear-day
2024-01-16,12:00 - 13:00,705,Tuesday,20.1,5.7,clear-day
2024-01-16,13:00 - 14:00,921,Tuesday,20.1,5.7,clear-day
2024-01-16,14:00 - 15:00,1086,Tuesday,20.1,5.7,clear-day
2024-01-16,15:00 - 16:00,748,Tuesday,20.1,5.7,clear-day
2024-01-16,16:00 - 17:00,856,Tuesday,20.1,5.7,clear-day
2024-01-16,17:00 - 18:00,1978,Tuesday,20.1,5.7,clear-day
2024-01-16,18:00 - 19:00,2626,Tuesday,20.1,5.7,clear-day
2024-01-16,19:00 - 20:00,2367,Tuesday,20.1,5.7,clear-day
2024-01-16,20:00 - 21:00,1726,Tuesday,20.1,5.7,clear-day
2024-01-16,21:00 - 22:00,1417,Tuesday,20.1,5.7,clear-day
2024-01-16,22:00 - 23:00,302,Tuesday,20.1,5.7,clear-day
2024-01-17,06:00 - 07:00,459,Wednesday,19.8,22.4,partly-cloudy-day
2024-01-17,07:00 - 08:00,1565,Wednesday,19.8,22.4,partly-cloudy-day
2024-01-17,08:00 - 09:00,2617,Wednesday,19.8,22.4,partly-cloudy-day
2024-01-17,09:00 - 10:00,2201,Wednesday,19.8,22.4,partly-cloudy-day
2024-01-17,10:00 - 11:00,3872,Wednesday,19.8,22.4,partly-cloudy-day
2024-01-17,11:00 - 12:00,1441,Wednesday,19.8,22.4,partly-cloudy-day
2024-01-17,12:00 - 13:00,866,Wednesday,19.8,22.4,partly-cloudy-day
2024-01-17,13:00 - 14:00,1131,Wednesday,19.8,22.4,partly-cloudy-day
2024-01-17,14:00 - 15:00,1335,Wednesday,19.8,22.4,partly-cloudy-day
2024-01-17,15:00 - 16:00,919,Wednesday,19.8,22.4,partly-cloudy-day
2024-01-17,16:00 - 17:00,1052,Wednesday,19.8,22.4,partly-cloudy-day
2024-01-17,17:00 - 18:00,2431,Wednesday,19.8,22.4,partly-cloudy-day
2024-01-17,18:00 - 19:00,3227,Wednesday,19.8,22.4,partly-cloudy-day
2024-01-17,19:00 - 20:00,2909,Wednesday,19.8,22.4,partly-cloudy-day
2024-01-17,20:00 - 21:00,2122,Wednesday,19.8,22.4,partly-cloudy-day
2024-01-17,21:00 - 22:00,1741,Wednesday,19.8,22.4,partly-cloudy-day
2024-01-17,22:00 - 23:00,371,Wednesday,19.8,22.4,partly-cloudy-day
2024-01-18,06:00 - 07:00,434,Thursday,20.4,0.8,clear-day
2024-01-18,07:00 - 08:00,1480,Thursday,20.4,0.8,clear-day
2024-01-18,08:00 - 09:00,2475,Thursday,20.4,0.8,clear-day
2024-01-18,09:00 - 10:00,2082,Thursday,20.4,0.8,clear-day
2024-01-18,10:00 - 11:00,3662,Thursday,20.4,0.8,clear-day
2024-01-18,11:00 - 12:00,1363,Thursday,20.4,0.8,clear-day
2024-01-18,12:00 - 13:00,819,Thursday,20.4,0.8,clear-day
2024-01-18,13:00 - 14:00,1070,Thursday,20.4,0.8,clear-day
2024-01-18,14:00 - 15:00,1262,Thursday,20.4,0.8,clear-day
2024-01-18,15:00 - 16:00,869,Thursday,20.4,0.8,clear-day
2024-01-18,16:00 - 17:00,995,Thursday,20.4,0.8,clear-day
2024-01-18,17:00 - 18:00,2299,Thursday,20.4,0.8,clear-day
2024-01-18,18:00 - 19:00,3052,Thursday,20.4,0.8,clear-day
2024-01-18,19:00 - 20:00,2751,Thursday,20.4,0.8,clear-day
2024-01-18,20:00 - 21:00,2007,Thursday,20.4,0.8,clear-day
2024-01-18,21:00 - 22:00,1647,Thursday,20.4,0.8,clear-day
2024-01-18,22:00 - 23:00,351,Thursday,20.4,0.8,clear-day
2024-01-19,06:00 - 07:00,433,Friday,20.8,1.3,clear-day
2024-01-19,07:00 - 08:00,1475,Friday,20.8,1.3,clear-day
2024-01-19,08:00 - 09:00,2467,Friday,20.8,1.3,clear-day
2024-01-19,09:00 - 10:00,2075,Friday,20.8,1.3,clear-day
2024-01-19,10:00 - 11:00,3651,Friday,20.8,1.3,clear-day
2024-01-19,11:00 - 12:00,1358,Friday,20.8,1.3,clear-day
2024-01-19,12:00 - 13:00,816,Friday,20.8,1.3,clear-day
2024-01-19,13:00 - 14:00,1067,Friday,20.8,1.3,clear-day
2024-01-19,14:00 - 15:00,1258,Friday,20.8,1.3,clear-day
2024-01-19,15:00 - 16:00,866,Friday,20.8,1.3,clear-day
2024-01-19,16:00 - 17:00,991,Friday,20.8,1.3,clear-day
2024-01-19,17:00 - 18:00,2292,Friday,20.8,1.3,clear-day
2024-01-19,18:00 - 19:00,3042,Friday,20.8,1.3,clear-day
2024-01-19,19:00 - 20:00,2742,Friday,20.8,1.3,clear-day
2024-01-19,20:00 - 21:00,2000,Friday,20.8,1.3,clear-day
2024-01-19,21:00 - 22:00,1642,Friday,20.8,1.3,clear-day
2024-01-19,22:00 - 23:00,350,Friday,20.8,1.3,clear-day
2024-01-20,06:00 - 07:00,445,Saturday,20.2,4.8,clear-day
2024-01-20,07:00 - 08:00,1515,Saturday,20.2,4.8,clear-day
2024-01-20,08:00 - 09:00,2534,Saturday,20.2,4.8,clear-day
2024-01-20,09:00 - 10:00,2132,Saturday,20.2,4.8,clear-day
2024-01-20,10:00 - 11:00,3750,Saturday,20.2,4.8,clear-day
2024-01-20,11:00 - 12:00,1395,Saturday,20.2,4.8,clear-day
2024-01-20,12:00 - 13:00,839,Saturday,20.2,4.8,clear-day
2024-01-20,13:00 - 14:00,1096,Saturday,20.2,4.8,clear-day
2024-01-20,14:00 - 15:00,1292,Saturday,20.2,4.8,clear-day
2024-01-20,15:00 - 16:00,890,Saturday,20.2,4.8,clear-day
2024-01-20,16:00 - 17:00,1018,Saturday,20.2,4.8,clear-day
2024-01-20,17:00 - 18:00,2354,Saturday,20.2,4.8,clear-day
2024-01-20,18:00 - 19:00,3125,Saturday,20.2,4.8,clear-day
2024-01-20,19:00 - 20:00,2817,Saturday,20.2,4.8,clear-day
2024-01-20,20:00 - 21:00,2055,Saturday,20.2,4.8,clear-day
2024-01-20,21:00 - 22:00,1686,Saturday,20.2,4.8,clear-day
2024-01-20,22:00 - 23:00,359,Saturday,20.2,4.8,clear-day
2024-01-21,06:00 - 07:00,407,Sunday,19.8,15.0,clear-day
2024-01-21,07:00 - 08:00,1386,Sunday,19.8,15.0,clear-day
2024-01-21,08:00 - 09:00,2318,Sunday,19.8,15.0,clear-day
2024-01-21,09:00 - 10:00,1950,Sunday,19.8,15.0,clear-day
2024-01-21,10:00 - 11:00,3430,Sunday,19.8,15.0,clear-day
2024-01-21,11:00 - 12:00,1276,Sunday,19.8,15.0,clear-day
2024-01-21,12:00 - 13:00,767,Sunday,19.8,15.0,clear-day
2024-01-21,13:00 - 14:00,1002,Sunday,19.8,15.0,clear-day
2024-01-21,14:00 - 15:00,1182,Sunday,19.8,15.0,clear-day
2024-01-21,15:00 - 16:00,814,Sunday,19.8,15.0,clear-day
2024-01-21,16:00 - 17:00,932,Sunday,19.8,15.0,clear-day
2024-01-21,17:00 - 18:00,2153,Sunday,19.8,15.0,clear-day
2024-01-21,18:00 - 19:00,2858,Sunday,19.8,15.0,clear-day
2024-01-21,19:00 - 20:00,2576,Sunday,19.8,15.0,clear-day
2024-01-21,20:00 - 21:00,1879,Sunday,19.8,15.0,clear-day
2024-01-21,21:00 - 22:00,1542,Sunday,19.8,15.0,clear-day
2024-01-21,22:00 - 23:00,328,Sunday,19.8,15.0,clear-day
2024-01-22,06:00 - 07:00,511,Monday,19.3,14.5,clear-day
2024-01-22,07:00 - 08:00,1742,Monday,19.3,14.5,clear-day
2024-01-22,08:00 - 09:00,2913,Monday,19.3,14.5,clear-day
2024-01-22,09:00 - 10:00,2450,Monday,19.3,14.5,clear-day
2024-01-22,10:00 - 11:00,4310,Monday,19.3,14.5,clear-day
2024-01-22,11:00 - 12:00,1604,Monday,19.3,14.5,clear-day
2024-01-22,12:00 - 13:00,964,Monday,19.3,14.5,clear-day
2024-01-22,13:00 - 14:00,1259,Monday,19.3,14.5,clear-day
2024-01-22,14:00 - 15:00,1486,Monday,19.3,14.5,clear-day
2024-01-22,15:00 - 16:00,1023,Monday,19.3,14.5,clear-day
2024-01-22,16:00 - 17:00,1171,Monday,19.3,14.5,clear-day
2024-01-22,17:00 - 18:00,2706,Monday,19.3,14.5,clear-day
2024-01-22,18:00 - 19:00,3592,Monday,19.3,14.5,clear-day
2024-01-22,19:00 - 20:00,3238,Monday,19.3,14.5,clear-day
2024-01-22,20:00 - 21:00,2362,Monday,19.3,14.5,clear-day
2024-01-22,21:00 - 22:00,1938,Monday,19.3,14.5,clear-day
2024-01-22,22:00 - 23:00,413,Monday,19.3,14.5,clear-day
2024-01-23,06:00 - 07:00,536,Tuesday,19.3,2.9,clear-day
2024-01-23,07:00 - 08:00,1826,Tuesday,19.3,2.9,clear-day
2024-01-23,08:00 - 09:00,3055,Tuesday,19.3,2.9,clear-day
2024-01-23,09:00 - 10:00,2570,Tuesday,19.3,2.9,clear-day
2024-01-23,10:00 - 11:00,4520,Tuesday,19.3,2.9,clear-day
2024-01-23,11:00 - 12:00,1682,Tuesday,19.3,2.9,clear-day
2024-01-23,12:00 - 13:00,1011,Tuesday,19.3,2.9,clear-day
2024-01-23,13:00 - 14:00,1321,Tuesday,19.3,2.9,clear-day
2024-01-23,14:00 - 15:00,1558,Tuesday,19.3,2.9,clear-day
2024-01-23,15:00 - 16:00,1073,Tuesday,19.3,2.9,clear-day
2024-01-23,16:00 - 17:00,1228,Tuesday,19.3,2.9,clear-day
2024-01-23,17:00 - 18:00,2838,Tuesday,19.3,2.9,clear-day
2024-01-23,18:00 - 19:00,3767,Tuesday,19.3,2.9,clear-day
2024-01-23,19:00 - 20:00,3395,Tuesday,19.3,2.9,clear-day
2024-01-23,20:00 - 21:00,2477,Tuesday,19.3,2.9,clear-day
2024-01-23,21:00 - 22:00,2033,Tuesday,19.3,2.9,clear-day
2024-01-23,22:00 - 23:00,433,Tuesday,19.3,2.9,clear-day
2024-01-24,06:00 - 07:00,401,Wednesday,19.7,0.0,clear-day
2024-01-24,07:00 - 08:00,1366,Wednesday,19.7,0.0,clear-day
2024-01-24,08:00 - 09:00,2285,Wednesday,19.7,0.0,clear-day
2024-01-24,09:00 - 10:00,1922,Wednesday,19.7,0.0,clear-day
2024-01-24,10:00 - 11:00,3382,Wednesday,19.7,0.0,clear-day
2024-01-24,11:00 - 12:00,1258,Wednesday,19.7,0.0,clear-day
2024-01-24,12:00 - 13:00,756,Wednesday,19.7,0.0,clear-day
2024-01-24,13:00 - 14:00,988,Wednesday,19.7,0.0,clear-day
2024-01-24,14:00 - 15:00,1166,Wednesday,19.7,0.0,clear-day
2024-01-24,15:00 - 16:00,803,Wednesday,19.7,0.0,clear-day
2024-01-24,16:00 - 17:00,919,Wednesday,19.7,0.0,clear-day
2024-01-24,17:00 - 18:00,2123,Wednesday,19.7,0.0,clear-day
2024-01-24,18:00 - 19:00,2818,Wednesday,19.7,0.0,clear-day
2024-01-24,19:00 - 20:00,2540,Wednesday,19.7,0.0,clear-day
2024-01-24,20:00 - 21:00,1853,Wednesday,19.7,0.0,clear-day
2024-01-24,21:00 - 22:00,1521,Wednesday,19.7,0.0,clear-day
2024-01-24,22:00 - 23:00,324,Wednesday,19.7,0.0,clear-day
2024-01-25,06:00 - 07:00,490,Thursday,20.2,10.9,clear-day
2024-01-25,07:00 - 08:00,1668,Thursday,20.2,10.9,clear-day
2024-01-25,08:00 - 09:00,2790,Thursday,20.2,10.9,clear-day
2024-01-25,09:00 - 10:00,2347,Thursday,20.2,10.9,clear-day
2024-01-25,10:00 - 11:00,4128,Thursday,20.2,10.9,clear-day
2024-01-25,11:00 - 12:00,1536,Thursday,20.2,10.9,clear-day
2024-01-25,12:00 - 13:00,923,Thursday,20.2,10.9,clear-day
2024-01-25,13:00 - 14:00,1206,Thursday,20.2,10.9,clear-day
2024-01-25,14:00 - 15:00,1423,Thursday,20.2,10.9,clear-day
2024-01-25,15:00 - 16:00,980,Thursday,20.2,10.9,clear-day
2024-01-25,16:00 - 17:00,1121,Thursday,20.2,10.9,clear-day
2024-01-25,17:00 - 18:00,2592,Thursday,20.2,10.9,clear-day
2024-01-25,18:00 - 19:00,3440,Thursday,20.2,10.9,clear-day
2024-01-25,19:00 - 20:00,3101,Thursday,20.2,10.9,clear-day
2024-01-25,20:00 - 21:00,2262,Thursday,20.2,10.9,clear-day
2024-01-25,21:00 - 22:00,1857,Thursday,20.2,10.9,clear-day
2024-01-25,22:00 - 23:00,395,Thursday,20.2,10.9,clear-day
2024-01-26,06:00 - 07:00,482,Friday,20.3,13.3,clear-day
2024-01-26,07:00 - 08:00,1641,Friday,20.3,13.3,clear-day
2024-01-26,08:00 - 09:00,2745,Friday,20.3,13.3,clear-day
2024-01-26,09:00 - 10:00,2309,Friday,20.3,13.3,clear-day
2024-01-26,10:00 - 11:00,4062,Friday,20.3,13.3,clear-day
2024-01-26,11:00 - 12:00,1511,Friday,20.3,13.3,clear-day
2024-01-26,12:00 - 13:00,908,Friday,20.3,13.3,clear-day
2024-01-26,13:00 - 14:00,1187,Friday,20.3,13.3,clear-day
2024-01-26,14:00 - 15:00,1400,Friday,20.3,13.3,clear-day
2024-01-26,15:00 - 16:00,964,Friday,20.3,13.3,clear-day
2024-01-26,16:00 - 17:00,1103,Friday,20.3,13.3,clear-day
2024-01-26,17:00 - 18:00,2550,Friday,20.3,13.3,clear-day
2024-01-26,18:00 - 19:00,3385,Friday,20.3,13.3,clear-day
2024-01-26,19:00 - 20:00,3051,Friday,20.3,13.3,clear-day
2024-01-26,20:00 - 21:00,2225,Friday,20.3,13.3,clear-day
2024-01-26,21:00 - 22:00,1827,Friday,20.3,13.3,clear-day
2024-01-26,22:00 - 23:00,389,Friday,20.3,13.3,clear-day
2024-01-27,06:00 - 07:00,429,Saturday,21.1,24.0,partly-cloudy-day
2024-01-27,07:00 - 08:00,1461,Saturday,21.1,24.0,partly-cloudy-day
2024-01-27,08:00 - 09:00,2444,Saturday,21.1,24.0,partly-cloudy-day
2024-01-27,09:00 - 10:00,2056,Saturday,21.1,24.0,partly-cloudy-day
2024-01-27,10:00 - 11:00,3617,Saturday,21.1,24.0,partly-cloudy-day
2024-01-27,11:00 - 12:00,1346,Saturday,21.1,24.0,partly-cloudy-day
2024-01-27,12:00 - 13:00,809,Saturday,21.1,24.0,partly-cloudy-day
2024-01-27,13:00 - 14:00,1057,Saturday,21.1,24.0,partly-cloudy-day
2024-01-27,14:00 - 15:00,1247,Saturday,21.1,24.0,partly-cloudy-day
2024-01-27,15:00 - 16:00,859,Saturday,21.1,24.0,partly-cloudy-day
2024-01-27,16:00 - 17:00,982,Saturday,21.1,24.0,partly-cloudy-day
2024-01-27,17:00 - 18:00,2271,Saturday,21.1,24.0,partly-cloudy-day
2024-01-27,18:00 - 19:00,3014,Saturday,21.1,24.0,partly-cloudy-day
2024-01-27,19:00 - 20:00,2717,Saturday,21.1,24.0,partly-cloudy-day
2024-01-27,20:00 - 21:00,1982,Saturday,21.1,24.0,partly-cloudy-day
2024-01-27,21:00 - 22:00,1627,Saturday,21.1,24.0,partly-cloudy-day
2024-01-27,22:00 - 23:00,346,Saturday,21.1,24.0,partly-cloudy-day
2024-01-28,06:00 - 07:00,498,Sunday,21.2,23.6,partly-cloudy-day
2024-01-28,07:00 - 08:00,1695,Sunday,21.2,23.6,partly-cloudy-day
2024-01-28,08:00 - 09:00,2835,Sunday,21.2,23.6,partly-cloudy-day
2024-01-28,09:00 - 10:00,2385,Sunday,21.2,23.6,partly-cloudy-day
2024-01-28,10:00 - 11:00,4196,Sunday,21.2,23.6,partly-cloudy-day
2024-01-28,11:00 - 12:00,1561,Sunday,21.2,23.6,partly-cloudy-day
2024-01-28,12:00 - 13:00,938,Sunday,21.2,23.6,partly-cloudy-day
2024-01-28,13:00 - 14:00,1226,Sunday,21.2,23.6,partly-cloudy-day
2024-01-28,14:00 - 15:00,1446,Sunday,21.2,23.6,partly-cloudy-day
2024-01-28,15:00 - 16:00,996,Sunday,21.2,23.6,partly-cloudy-day
2024-01-28,16:00 - 17:00,1140,Sunday,21.2,23.6,partly-cloudy-day
2024-01-28,17:00 - 18:00,2634,Sunday,21.2,23.6,partly-cloudy-day
2024-01-28,18:00 - 19:00,3497,Sunday,21.2,23.6,partly-cloudy-day
2024-01-28,19:00 - 20:00,3152,Sunday,21.2,23.6,partly-cloudy-day
2024-01-28,20:00 - 21:00,2299,Sunday,21.2,23.6,partly-cloudy-day
2024-01-28,21:00 - 22:00,1887,Sunday,21.2,23.6,partly-cloudy-day
2024-01-28,22:00 - 23:00,402,Sunday,21.2,23.6,partly-cloudy-day
2024-01-29,06:00 - 07:00,530,Monday,21.7,26.3,partly-cloudy-day
2024-01-29,07:00 - 08:00,1805,Monday,21.7,26.3,partly-cloudy-day
2024-01-29,08:00 - 09:00,3019,Monday,21.7,26.3,partly-cloudy-day
2024-01-29,09:00 - 10:00,2540,Monday,21.7,26.3,partly-cloudy-day
2024-01-29,10:00 - 11:00,4468,Monday,21.7,26.3,partly-cloudy-day
2024-01-29,11:00 - 12:00,1662,Monday,21.7,26.3,partly-cloudy-day
2024-01-29,12:00 - 13:00,999,Monday,21.7,26.3,partly-cloudy-day
2024-01-29,13:00 - 14:00,1305,Monday,21.7,26.3,partly-cloudy-day
2024-01-29,14:00 - 15:00,1540,Monday,21.7,26.3,partly-cloudy-day
2024-01-29,15:00 - 16:00,1061,Monday,21.7,26.3,partly-cloudy-day
2024-01-29,16:00 - 17:00,1214,Monday,21.7,26.3,partly-cloudy-day
2024-01-29,17:00 - 18:00,2805,Monday,21.7,26.3,partly-cloudy-day
2024-01-29,18:00 - 19:00,3723,Monday,21.7,26.3,partly-cloudy-day
2024-01-29,19:00 - 20:00,3356,Monday,21.7,26.3,partly-cloudy-day
2024-01-29,20:00 - 21:00,2448,Monday,21.7,26.3,partly-cloudy-day
2024-01-29,21:00 - 22:00,2009,Monday,21.7,26.3,partly-cloudy-day
2024-01-29,22:00 - 23:00,428,Monday,21.7,26.3,partly-cloudy-day
2024-01-30,06:00 - 07:00,566,Tuesday,21.9,29.1,partly-cloudy-day
2024-01-30,07:00 - 08:00,1927,Tuesday,21.9,29.1,partly-cloudy-day
2024-01-30,08:00 - 09:00,3222,Tuesday,21.9,29.1,partly-cloudy-day
2024-01-30,09:00 - 10:00,2710,Tuesday,21.9,29.1,partly-cloudy-day
2024-01-30,10:00 - 11:00,4768,Tuesday,21.9,29.1,partly-cloudy-day
2024-01-30,11:00 - 12:00,1774,Tuesday,21.9,29.1,partly-cloudy-day
2024-01-30,12:00 - 13:00,1066,Tuesday,21.9,29.1,partly-cloudy-day
2024-01-30,13:00 - 14:00,1393,Tuesday,21.9,29.1,partly-cloudy-day
2024-01-30,14:00 - 15:00,1643,Tuesday,21.9,29.1,partly-cloudy-day
2024-01-30,15:00 - 16:00,1132,Tuesday,21.9,29.1,partly-cloudy-day
2024-01-30,16:00 - 17:00,1295,Tuesday,21.9,29.1,partly-cloudy-day
2024-01-30,17:00 - 18:00,2993,Tuesday,21.9,29.1,partly-cloudy-day
2024-01-30,18:00 - 19:00,3973,Tuesday,21.9,29.1,partly-cloudy-day
2024-01-30,19:00 - 20:00,3581,Tuesday,21.9,29.1,partly-cloudy-day
2024-01-30,20:00 - 21:00,2612,Tuesday,21.9,29.1,partly-cloudy-day
2024-01-30,21:00 - 22:00,2144,Tuesday,21.9,29.1,partly-cloudy-day
2024-01-30,22:00 - 23:00,457,Tuesday,21.9,29.1,partly-cloudy-day
2024-01-31,06:00 - 07:00,501,Wednesday,22.1,35.1,partly-cloudy-day
2024-01-31,07:00 - 08:00,1705,Wednesday,22.1,35.1,partly-cloudy-day
2024-01-31,08:00 - 09:00,2852,Wednesday,22.1,35.1,partly-cloudy-day
2024-01-31,09:00 - 10:00,2399,Wednesday,22.1,35.1,partly-cloudy-day
2024-01-31,10:00 - 11:00,4221,Wednesday,22.1,35.1,partly-cloudy-day
2024-01-31,11:00 - 12:00,1571,Wednesday,22.1,35.1,partly-cloudy-day
2024-01-31,12:00 - 13:00,944,Wednesday,22.1,35.1,partly-cloudy-day
2024-01-31,13:00 - 14:00,1233,Wednesday,22.1,35.1,partly-cloudy-day
2024-01-31,14:00 - 15:00,1455,Wednesday,22.1,35.1,partly-cloudy-day
2024-01-31,15:00 - 16:00,1002,Wednesday,22.1,35.1,partly-cloudy-day
2024-01-31,16:00 - 17:00,1146,Wednesday,22.1,35.1,partly-cloudy-day
2024-01-31,17:00 - 18:00,2650,Wednesday,22.1,35.1,partly-cloudy-day
2024-01-31,18:00 - 19:00,3517,Wednesday,22.1,35.1,partly-cloudy-day
2024-01-31,19:00 - 20:00,3170,Wednesday,22.1,35.1,partly-cloudy-day
2024-01-31,20:00 - 21:00,2313,Wednesday,22.1,35.1,partly-cloudy-day
2024-01-31,21:00 - 22:00,1898,Wednesday,22.1,35.1,partly-cloudy-day
2024-01-31,22:00 - 23:00,404,Wednesday,22.1,35.1,partly-cloudy-day
2024-02-01,06:00 - 07:00,478,Thursday,23.0,39.3,partly-cloudy-day
2024-02-01,07:00 - 08:00,1629,Thursday,23.0,39.3,partly-cloudy-day
2024-02-01,08:00 - 09:00,2724,Thursday,23.0,39.3,partly-cloudy-day
2024-02-01,09:00 - 10:00,2292,Thursday,23.0,39.3,partly-cloudy-day
2024-02-01,10:00 - 11:00,4031,Thursday,23.0,39.3,partly-cloudy-day
2024-02-01,11:00 - 12:00,1500,Thursday,23.0,39.3,partly-cloudy-day
2024-02-01,12:00 - 13:00,902,Thursday,23.0,39.3,partly-cloudy-day
2024-02-01,13:00 - 14:00,1178,Thursday,23.0,39.3,partly-cloudy-day
2024-02-01,14:00 - 15:00,1390,Thursday,23.0,39.3,partly-cloudy-day
2024-02-01,15:00 - 16:00,957,Thursday,23.0,39.3,partly-cloudy-day
2024-02-01,16:00 - 17:00,1095,Thursday,23.0,39.3,partly-cloudy-day
2024-02-01,17:00 - 18:00,2531,Thursday,23.0,39.3,partly-cloudy-day
2024-02-01,18:00 - 19:00,3359,Thursday,23.0,39.3,partly-cloudy-day
2024-02-01,19:00 - 20:00,3028,Thursday,23.0,39.3,partly-cloudy-day
2024-02-01,20:00 - 21:00,2209,Thursday,23.0,39.3,partly-cloudy-day
2024-02-01,21:00 - 22:00,1813,Thursday,23.0,39.3,partly-cloudy-day
2024-02-01,22:00 - 23:00,386,Thursday,23.0,39.3,partly-cloudy-day
2024-02-02,06:00 - 07:00,474,Friday,22.8,6.7,clear-day
2024-02-02,07:00 - 08:00,1616,Friday,22.8,6.7,clear-day
2024-02-02,08:00 - 09:00,2703,Friday,22.8,6.7,clear-day
2024-02-02,09:00 - 10:00,2274,Friday,22.8,6.7,clear-day
2024-02-02,10:00 - 11:00,4000,Friday,22.8,6.7,clear-day
2024-02-02,11:00 - 12:00,1488,Friday,22.8,6.7,clear-day
2024-02-02,12:00 - 13:00,895,Friday,22.8,6.7,clear-day
2024-02-02,13:00 - 14:00,1169,Friday,22.8,6.7,clear-day
2024-02-02,14:00 - 15:00,1379,Friday,22.8,6.7,clear-day
2024-02-02,15:00 - 16:00,949,Friday,22.8,6.7,clear-day
2024-02-02,16:00 - 17:00,1086,Friday,22.8,6.7,clear-day
2024-02-02,17:00 - 18:00,2511,Friday,22.8,6.7,clear-day
2024-02-02,18:00 - 19:00,3334,Friday,22.8,6.7,clear-day
2024-02-02,19:00 - 20:00,3005,Friday,22.8,6.7,clear-day
2024-02-02,20:00 - 21:00,2192,Friday,22.8,6.7,clear-day
2024-02-02,21:00 - 22:00,1799,Friday,22.8,6.7,clear-day
2024-02-02,22:00 - 23:00,383,Friday,22.8,6.7,clear-day
2024-02-03,06:00 - 07:00,551,Saturday,23.8,2.4,clear-day
2024-02-03,07:00 - 08:00,1877,Saturday,23.8,2.4,clear-day
2024-02-03,08:00 - 09:00,3139,Saturday,23.8,2.4,clear-day
2024-02-03,09:00 - 10:00,2641,Saturday,23.8,2.4,clear-day
2024-02-03,10:00 - 11:00,4646,Saturday,23.8,2.4,clear-day
2024-02-03,11:00 - 12:00,1729,Saturday,23.8,2.4,clear-day
2024-02-03,12:00 - 13:00,1039,Saturday,23.8,2.4,clear-day
2024-02-03,13:00 - 14:00,1357,Saturday,23.8,2.4,clear-day
2024-02-03,14:00 - 15:00,1601,Saturday,23.8,2.4,clear-day
2024-02-03,15:00 - 16:00,1103,Saturday,23.8,2.4,clear-day
2024-02-03,16:00 - 17:00,1262,Saturday,23.8,2.4,clear-day
2024-02-03,17:00 - 18:00,2917,Saturday,23.8,2.4,clear-day
2024-02-03,18:00 - 19:00,3871,Saturday,23.8,2.4,clear-day
2024-02-03,19:00 - 20:00,3489,Saturday,23.8,2.4,clear-day
2024-02-03,20:00 - 21:00,2545,Saturday,23.8,2.4,clear-day
2024-02-03,21:00 - 22:00,2089,Saturday,23.8,2.4,clear-day
2024-02-03,22:00 - 23:00,445,Saturday,23.8,2.4,clear-day
2024-02-04,06:00 - 07:00,500,Sunday,25.1,9.2,clear-day
2024-02-04,07:00 - 08:00,1704,Sunday,25.1,9.2,clear-day
2024-02-04,08:00 - 09:00,2850,Sunday,25.1,9.2,clear-day
2024-02-04,09:00 - 10:00,2397,Sunday,25.1,9.2,clear-day
2024-02-04,10:00 - 11:00,4217,Sunday,25.1,9.2,clear-day
2024-02-04,11:00 - 12:00,1569,Sunday,25.1,9.2,clear-day
2024-02-04,12:00 - 13:00,943,Sunday,25.1,9.2,clear-day
2024-02-04,13:00 - 14:00,1232,Sunday,25.1,9.2,clear-day
2024-02-04,14:00 - 15:00,1453,Sunday,25.1,9.2,clear-day
2024-02-04,15:00 - 16:00,1001,Sunday,25.1,9.2,clear-day
2024-02-04,16:00 - 17:00,1145,Sunday,25.1,9.2,clear-day
2024-02-04,17:00 - 18:00,2647,Sunday,25.1,9.2,clear-day
2024-02-04,18:00 - 19:00,3514,Sunday,25.1,9.2,clear-day
2024-02-04,19:00 - 20:00,3167,Sunday,25.1,9.2,clear-day
2024-02-04,20:00 - 21:00,2310,Sunday,25.1,9.2,clear-day
2024-02-04,21:00 - 22:00,1896,Sunday,25.1,9.2,clear-day
2024-02-04,22:00 - 23:00,404,Sunday,25.1,9.2,clear-day
2024-02-05,06:00 - 07:00,366,Monday,23.8,25.7,partly-cloudy-day
2024-02-05,07:00 - 08:00,1248,Monday,23.8,25.7,partly-cloudy-day
2024-02-05,08:00 - 09:00,2087,Monday,23.8,25.7,partly-cloudy-day
2024-02-05,09:00 - 10:00,1755,Monday,23.8,25.7,partly-cloudy-day
2024-02-05,10:00 - 11:00,3088,Monday,23.8,25.7,partly-cloudy-day
2024-02-05,11:00 - 12:00,1149,Monday,23.8,25.7,partly-cloudy-day
2024-02-05,12:00 - 13:00,691,Monday,23.8,25.7,partly-cloudy-day
2024-02-05,13:00 - 14:00,902,Monday,23.8,25.7,partly-cloudy-day
2024-02-05,14:00 - 15:00,1064,Monday,23.8,25.7,partly-cloudy-day
2024-02-05,15:00 - 16:00,733,Monday,23.8,25.7,partly-cloudy-day
2024-02-05,16:00 - 17:00,839,Monday,23.8,25.7,partly-cloudy-day
2024-02-05,17:00 - 18:00,1939,Monday,23.8,25.7,partly-cloudy-day
2024-02-05,18:00 - 19:00,2573,Monday,23.8,25.7,partly-cloudy-day
2024-02-05,19:00 - 20:00,2319,Monday,23.8,25.7,partly-cloudy-day
2024-02-05,20:00 - 21:00,1692,Monday,23.8,25.7,partly-cloudy-day
2024-02-05,21:00 - 22:00,1389,Monday,23.8,25.7,partly-cloudy-day
2024-02-05,22:00 - 23:00,296,Monday,23.8,25.7,partly-cloudy-day
2024-02-06,06:00 - 07:00,457,Tuesday,23.3,16.9,clear-day
2024-02-06,07:00 - 08:00,1557,Tuesday,23.3,16.9,clear-day
2024-02-06,08:00 - 09:00,2604,Tuesday,23.3,16.9,clear-day
2024-02-06,09:00 - 10:00,2190,Tuesday,23.3,16.9,clear-day
2024-02-06,10:00 - 11:00,3853,Tuesday,23.3,16.9,clear-day
2024-02-06,11:00 - 12:00,1434,Tuesday,23.3,16.9,clear-day
2024-02-06,12:00 - 13:00,862,Tuesday,23.3,16.9,clear-day
2024-02-06,13:00 - 14:00,1126,Tuesday,23.3,16.9,clear-day
2024-02-06,14:00 - 15:00,1328,Tuesday,23.3,16.9,clear-day
2024-02-06,15:00 - 16:00,915,Tuesday,23.3,16.9,clear-day
2024-02-06,16:00 - 17:00,1046,Tuesday,23.3,16.9,clear-day
2024-02-06,17:00 - 18:00,2419,Tuesday,23.3,16.9,clear-day
2024-02-06,18:00 - 19:00,3211,Tuesday,23.3,16.9,clear-day
2024-02-06,19:00 - 20:00,2894,Tuesday,23.3,16.9,clear-day
2024-02-06,20:00 - 21:00,2111,Tuesday,23.3,16.9,clear-day
2024-02-06,21:00 - 22:00,1733,Tuesday,23.3,16.9,clear-day
2024-02-06,22:00 - 23:00,369,Tuesday,23.3,16.9,clear-day
2024-02-07,06:00 - 07:00,520,Wednesday,22.8,23.7,partly-cloudy-day
2024-02-07,07:00 - 08:00,1772,Wednesday,22.8,23.7,partly-cloudy-day
2024-02-07,08:00 - 09:00,2963,Wednesday,22.8,23.7,partly-cloudy-day
2024-02-07,09:00 - 10:00,2493,Wednesday,22.8,23.7,partly-cloudy-day
2024-02-07,10:00 - 11:00,4385,Wednesday,22.8,23.7,partly-cloudy-day
2024-02-07,11:00 - 12:00,1632,Wednesday,22.8,23.7,partly-cloudy-day
2024-02-07,12:00 - 13:00,981,Wednesday,22.8,23.7,partly-cloudy-day
2024-02-07,13:00 - 14:00,1281,Wednesday,22.8,23.7,partly-cloudy-day
2024-02-07,14:00 - 15:00,1511,Wednesday,22.8,23.7,partly-cloudy-day
2024-02-07,15:00 - 16:00,1041,Wednesday,22.8,23.7,partly-cloudy-day
2024-02-07,16:00 - 17:00,1191,Wednesday,22.8,23.7,partly-cloudy-day
2024-02-07,17:00 - 18:00,2753,Wednesday,22.8,23.7,partly-cloudy-day
2024-02-07,18:00 - 19:00,3654,Wednesday,22.8,23.7,partly-cloudy-day
2024-02-07,19:00 - 20:00,3294,Wednesday,22.8,23.7,partly-cloudy-day
2024-02-07,20:00 - 21:00,2403,Wednesday,22.8,23.7,partly-cloudy-day
2024-02-07,21:00 - 22:00,1972,Wednesday,22.8,23.7,partly-cloudy-day
2024-02-07,22:00 - 23:00,420,Wednesday,22.8,23.7,partly-cloudy-day
2024-02-08,06:00 - 07:00,548,Thursday,21.5,34.0,partly-cloudy-day
2024-02-08,07:00 - 08:00,1865,Thursday,21.5,34.0,partly-cloudy-day
2024-02-08,08:00 - 09:00,3119,Thursday,21.5,34.0,partly-cloudy-day
2024-02-08,09:00 - 10:00,2624,Thursday,21.5,34.0,partly-cloudy-day
2024-02-08,10:00 - 11:00,4616,Thursday,21.5,34.0,partly-cloudy-day
2024-02-08,11:00 - 12:00,1717,Thursday,21.5,34.0,partly-cloudy-day
2024-02-08,12:00 - 13:00,1032,Thursday,21.5,34.0,partly-cloudy-day
2024-02-08,13:00 - 14:00,1349,Thursday,21.5,34.0,partly-cloudy-day
2024-02-08,14:00 - 15:00,1591,Thursday,21.5,34.0,partly-cloudy-day
2024-02-08,15:00 - 16:00,1096,Thursday,21.5,34.0,partly-cloudy-day
2024-02-08,16:00 - 17:00,1254,Thursday,21.5,34.0,partly-cloudy-day
2024-02-08,17:00 - 18:00,2898,Thursday,21.5,34.0,partly-cloudy-day
2024-02-08,18:00 - 19:00,3846,Thursday,21.5,34.0,partly-cloudy-day
2024-02-08,19:00 - 20:00,3467,Thursday,21.5,34.0,partly-cloudy-day
2024-02-08,20:00 - 21:00,2529,Thursday,21.5,34.0,partly-cloudy-day
2024-02-08,21:00 - 22:00,2076,Thursday,21.5,34.0,partly-cloudy-day
2024-02-08,22:00 - 23:00,442,Thursday,21.5,34.0,partly-cloudy-day
2024-02-09,06:00 - 07:00,431,Friday,21.0,16.4,clear-day
2024-02-09,07:00 - 08:00,1469,Friday,21.0,16.4,clear-day
2024-02-09,08:00 - 09:00,2456,Friday,21.0,16.4,clear-day
2024-02-09,09:00 - 10:00,2066,Friday,21.0,16.4,clear-day
2024-02-09,10:00 - 11:00,3635,Friday,21.0,16.4,clear-day
2024-02-09,11:00 - 12:00,1352,Friday,21.0,16.4,clear-day
2024-02-09,12:00 - 13:00,813,Friday,21.0,16.4,clear-day
2024-02-09,13:00 - 14:00,1062,Friday,21.0,16.4,clear-day
2024-02-09,14:00 - 15:00,1253,Friday,21.0,16.4,clear-day
2024-02-09,15:00 - 16:00,863,Friday,21.0,16.4,clear-day
2024-02-09,16:00 - 17:00,987,Friday,21.0,16.4,clear-day
2024-02-09,17:00 - 18:00,2282,Friday,21.0,16.4,clear-day
2024-02-09,18:00 - 19:00,3029,Friday,21.0,16.4,clear-day
2024-02-09,19:00 - 20:00,2730,Friday,21.0,16.4,clear-day
2024-02-09,20:00 - 21:00,1991,Friday,21.0,16.4,clear-day
2024-02-09,21:00 - 22:00,1634,Friday,21.0,16.4,clear-day
2024-02-09,22:00 - 23:00,348,Friday,21.0,16.4,clear-day
2024-02-10,06:00 - 07:00,530,Saturday,21.5,1.4,clear-day
2024-02-10,07:00 - 08:00,1806,Saturday,21.5,1.4,clear-day
2024-02-10,08:00 - 09:00,3020,Saturday,21.5,1.4,clear-day
2024-02-10,09:00 - 10:00,2540,Saturday,21.5,1.4,clear-day
2024-02-10,10:00 - 11:00,4469,Saturday,21.5,1.4,clear-day
2024-02-10,11:00 - 12:00,1663,Saturday,21.5,1.4,clear-day
2024-02-10,12:00 - 13:00,999,Saturday,21.5,1.4,clear-day
2024-02-10,13:00 - 14:00,1306,Saturday,21.5,1.4,clear-day
2024-02-10,14:00 - 15:00,1540,Saturday,21.5,1.4,clear-day
2024-02-10,15:00 - 16:00,1061,Saturday,21.5,1.4,clear-day
2024-02-10,16:00 - 17:00,1214,Saturday,21.5,1.4,clear-day
2024-02-10,17:00 - 18:00,2806,Saturday,21.5,1.4,clear-day
2024-02-10,18:00 - 19:00,3724,Saturday,21.5,1.4,clear-day
2024-02-10,19:00 - 20:00,3357,Saturday,21.5,1.4,clear-day
2024-02-10,20:00 - 21:00,2448,Saturday,21.5,1.4,clear-day
2024-02-10,21:00 - 22:00,2010,Saturday,21.5,1.4,clear-day
2024-02-10,22:00 - 23:00,428,Saturday,21.5,1.4,clear-day
2024-02-11,06:00 - 07:00,551,Sunday,21.8,18.3,clear-day
2024-02-11,07:00 - 08:00,1878,Sunday,21.8,18.3,clear-day
2024-02-11,08:00 - 09:00,3140,Sunday,21.8,18.3,clear-day
2024-02-11,09:00 - 10:00,2642,Sunday,21.8,18.3,clear-day
2024-02-11,10:00 - 11:00,4647,Sunday,21.8,18.3,clear-day
2024-02-11,11:00 - 12:00,1729,Sunday,21.8,18.3,clear-day
2024-02-11,12:00 - 13:00,1039,Sunday,21.8,18.3,clear-day
2024-02-11,13:00 - 14:00,1358,Sunday,21.8,18.3,clear-day
2024-02-11,14:00 - 15:00,1602,Sunday,21.8,18.3,clear-day
2024-02-11,15:00 - 16:00,1103,Sunday,21.8,18.3,clear-day
2024-02-11,16:00 - 17:00,1262,Sunday,21.8,18.3,clear-day
2024-02-11,17:00 - 18:00,2918,Sunday,21.8,18.3,clear-day
2024-02-11,18:00 - 19:00,3873,Sunday,21.8,18.3,clear-day
2024-02-11,19:00 - 20:00,3491,Sunday,21.8,18.3,clear-day
2024-02-11,20:00 - 21:00,2546,Sunday,21.8,18.3,clear-day
2024-02-11,21:00 - 22:00,2090,Sunday,21.8,18.3,clear-day
2024-02-11,22:00 - 23:00,445,Sunday,21.8,18.3,clear-day
2024-02-12,06:00 - 07:00,549,Monday,22.0,28.2,partly-cloudy-day
2024-02-12,07:00 - 08:00,1871,Monday,22.0,28.2,partly-cloudy-day
2024-02-12,08:00 - 09:00,3129,Monday,22.0,28.2,partly-cloudy-day
2024-02-12,09:00 - 10:00,2632,Monday,22.0,28.2,partly-cloudy-day
2024-02-12,10:00 - 11:00,4630,Monday,22.0,28.2,partly-cloudy-day
2024-02-12,11:00 - 12:00,1723,Monday,22.0,28.2,partly-cloudy-day
2024-02-12,12:00 - 13:00,1036,Monday,22.0,28.2,partly-cloudy-day
2024-02-12,13:00 - 14:00,1353,Monday,22.0,28.2,partly-cloudy-day
2024-02-12,14:00 - 15:00,1596,Monday,22.0,28.2,partly-cloudy-day
2024-02-12,15:00 - 16:00,1099,Monday,22.0,28.2,partly-cloudy-day
2024-02-12,16:00 - 17:00,1258,Monday,22.0,28.2,partly-cloudy-day
2024-02-12,17:00 - 18:00,2907,Monday,22.0,28.2,partly-cloudy-day
2024-02-12,18:00 - 19:00,3858,Monday,22.0,28.2,partly-cloudy-day
2024-02-12,19:00 - 20:00,3478,Monday,22.0,28.2,partly-cloudy-day
2024-02-12,20:00 - 21:00,2537,Monday,22.0,28.2,partly-cloudy-day
2024-02-12,21:00 - 22:00,2082,Monday,22.0,28.2,partly-cloudy-day
2024-02-12,22:00 - 23:00,444,Monday,22.0,28.2,partly-cloudy-day
2024-02-13,06:00 - 07:00,423,Tuesday,22.2,30.1,partly-cloudy-day
2024-02-13,07:00 - 08:00,1442,Tuesday,22.2,30.1,partly-cloudy-day
2024-02-13,08:00 - 09:00,2411,Tuesday,22.2,30.1,partly-cloudy-day
2024-02-13,09:00 - 10:00,2028,Tuesday,22.2,30.1,partly-cloudy-day
2024-02-13,10:00 - 11:00,3568,Tuesday,22.2,30.1,partly-cloudy-day
2024-02-13,11:00 - 12:00,1328,Tuesday,22.2,30.1,partly-cloudy-day
2024-02-13,12:00 - 13:00,798,Tuesday,22.2,30.1,partly-cloudy-day
2024-02-13,13:00 - 14:00,1042,Tuesday,22.2,30.1,partly-cloudy-day
2024-02-13,14:00 - 15:00,1230,Tuesday,22.2,30.1,partly-cloudy-day
2024-02-13,15:00 - 16:00,847,Tuesday,22.2,30.1,partly-cloudy-day
2024-02-13,16:00 - 17:00,969,Tuesday,22.2,30.1,partly-cloudy-day
2024-02-13,17:00 - 18:00,2240,Tuesday,22.2,30.1,partly-cloudy-day
2024-02-13,18:00 - 19:00,2973,Tuesday,22.2,30.1,partly-cloudy-day
2024-02-13,19:00 - 20:00,2680,Tuesday,22.2,30.1,partly-cloudy-day
2024-02-13,20:00 - 21:00,1955,Tuesday,22.2,30.1,partly-cloudy-day
2024-02-13,21:00 - 22:00,1605,Tuesday,22.2,30.1,partly-cloudy-day
2024-02-13,22:00 - 23:00,342,Tuesday,22.2,30.1,partly-cloudy-day
2024-02-14,06:00 - 07:00,438,Wednesday,22.8,10.0,clear-day
2024-02-14,07:00 - 08:00,1491,Wednesday,22.8,10.0,clear-day
2024-02-14,08:00 - 09:00,2494,Wednesday,22.8,10.0,clear-day
2024-02-14,09:00 - 10:00,2098,Wednesday,22.8,10.0,clear-day
2024-02-14,10:00 - 11:00,3690,Wednesday,22.8,10.0,clear-day
2024-02-14,11:00 - 12:00,1373,Wednesday,22.8,10.0,clear-day
2024-02-14,12:00 - 13:00,825,Wednesday,22.8,10.0,clear-day
2024-02-14,13:00 - 14:00,1078,Wednesday,22.8,10.0,clear-day
2024-02-14,14:00 - 15:00,1272,Wednesday,22.8,10.0,clear-day
2024-02-14,15:00 - 16:00,876,Wednesday,22.8,10.0,clear-day
2024-02-14,16:00 - 17:00,1002,Wednesday,22.8,10.0,clear-day
2024-02-14,17:00 - 18:00,2317,Wednesday,22.8,10.0,clear-day
2024-02-14,18:00 - 19:00,3075,Wednesday,22.8,10.0,clear-day
2024-02-14,19:00 - 20:00,2772,Wednesday,22.8,10.0,clear-day
2024-02-14,20:00 - 21:00,2022,Wednesday,22.8,10.0,clear-day
2024-02-14,21:00 - 22:00,1660,Wednesday,22.8,10.0,clear-day
2024-02-14,22:00 - 23:00,353,Wednesday,22.8,10.0,clear-day
2024-02-15,06:00 - 07:00,396,Thursday,23.5,2.1,clear-day
2024-02-15,07:00 - 08:00,1351,Thursday,23.5,2.1,clear-day
2024-02-15,08:00 - 09:00,2259,Thursday,23.5,2.1,clear-day
2024-02-15,09:00 - 10:00,1900,Thursday,23.5,2.1,clear-day
2024-02-15,10:00 - 11:00,3343,Thursday,23.5,2.1,clear-day
2024-02-15,11:00 - 12:00,1244,Thursday,23.5,2.1,clear-day
2024-02-15,12:00 - 13:00,748,Thursday,23.5,2.1,clear-day
2024-02-15,13:00 - 14:00,976,Thursday,23.5,2.1,clear-day
2024-02-15,14:00 - 15:00,1152,Thursday,23.5,2.1,clear-day
2024-02-15,15:00 - 16:00,793,Thursday,23.5,2.1,clear-day
2024-02-15,16:00 - 17:00,908,Thursday,23.5,2.1,clear-day
2024-02-15,17:00 - 18:00,2099,Thursday,23.5,2.1,clear-day
2024-02-15,18:00 - 19:00,2785,Thursday,23.5,2.1,clear-day
2024-02-15,19:00 - 20:00,2511,Thursday,23.5,2.1,clear-day
2024-02-15,20:00 - 21:00,1831,Thursday,23.5,2.1,clear-day
2024-02-15,21:00 - 22:00,1503,Thursday,23.5,2.1,clear-day
2024-02-15,22:00 - 23:00,320,Thursday,23.5,2.1,clear-day
2024-02-16,06:00 - 07:00,513,Friday,25.0,1.3,clear-day
2024-02-16,07:00 - 08:00,1746,Friday,25.0,1.3,clear-day
2024-02-16,08:00 - 09:00,2920,Friday,25.0,1.3,clear-day
2024-02-16,09:00 - 10:00,2456,Friday,25.0,1.3,clear-day
2024-02-16,10:00 - 11:00,4321,Friday,25.0,1.3,clear-day
2024-02-16,11:00 - 12:00,1608,Friday,25.0,1.3,clear-day
2024-02-16,12:00 - 13:00,966,Friday,25.0,1.3,clear-day
2024-02-16,13:00 - 14:00,1262,Friday,25.0,1.3,clear-day
2024-02-16,14:00 - 15:00,1489,Friday,25.0,1.3,clear-day
2024-02-16,15:00 - 16:00,1026,Friday,25.0,1.3,clear-day
2024-02-16,16:00 - 17:00,1174,Friday,25.0,1.3,clear-day
2024-02-16,17:00 - 18:00,2713,Friday,25.0,1.3,clear-day
2024-02-16,18:00 - 19:00,3601,Friday,25.0,1.3,clear-day
2024-02-16,19:00 - 20:00,3246,Friday,25.0,1.3,clear-day
2024-02-16,20:00 - 21:00,2368,Friday,25.0,1.3,clear-day
2024-02-16,21:00 - 22:00,1943,Friday,25.0,1.3,clear-day
2024-02-16,22:00 - 23:00,414,Friday,25.0,1.3,clear-day
2024-02-17,06:00 - 07:00,575,Saturday,26.0,6.9,clear-day
2024-02-17,07:00 - 08:00,1960,Saturday,26.0,6.9,clear-day
2024-02-17,08:00 - 09:00,3278,Saturday,26.0,6.9,clear-day
2024-02-17,09:00 - 10:00,2758,Saturday,26.0,6.9,clear-day
2024-02-17,10:00 - 11:00,4851,Saturday,26.0,6.9,clear-day
2024-02-17,11:00 - 12:00,1805,Saturday,26.0,6.9,clear-day
2024-02-17,12:00 - 13:00,1085,Saturday,26.0,6.9,clear-day
2024-02-17,13:00 - 14:00,1417,Saturday,26.0,6.9,clear-day
2024-02-17,14:00 - 15:00,1672,Saturday,26.0,6.9,clear-day
2024-02-17,15:00 - 16:00,1151,Saturday,26.0,6.9,clear-day
2024-02-17,16:00 - 17:00,1318,Saturday,26.0,6.9,clear-day
2024-02-17,17:00 - 18:00,3046,Saturday,26.0,6.9,clear-day
2024-02-17,18:00 - 19:00,4043,Saturday,26.0,6.9,clear-day
2024-02-17,19:00 - 20:00,3644,Saturday,26.0,6.9,clear-day
2024-02-17,20:00 - 21:00,2658,Saturday,26.0,6.9,clear-day
2024-02-17,21:00 - 22:00,2182,Saturday,26.0,6.9,clear-day
2024-02-17,22:00 - 23:00,465,Saturday,26.0,6.9,clear-day
2024-02-18,06:00 - 07:00,392,Sunday,26.4,5.3,clear-day
2024-02-18,07:00 - 08:00,1336,Sunday,26.4,5.3,clear-day
2024-02-18,08:00 - 09:00,2234,Sunday,26.4,5.3,clear-day
2024-02-18,09:00 - 10:00,1879,Sunday,26.4,5.3,clear-day
2024-02-18,10:00 - 11:00,3306,Sunday,26.4,5.3,clear-day
2024-02-18,11:00 - 12:00,1230,Sunday,26.4,5.3,clear-day
2024-02-18,12:00 - 13:00,739,Sunday,26.4,5.3,clear-day
2024-02-18,13:00 - 14:00,966,Sunday,26.4,5.3,clear-day
2024-02-18,14:00 - 15:00,1139,Sunday,26.4,5.3,clear-day
2024-02-18,15:00 - 16:00,785,Sunday,26.4,5.3,clear-day
2024-02-18,16:00 - 17:00,898,Sunday,26.4,5.3,clear-day
2024-02-18,17:00 - 18:00,2076,Sunday,26.4,5.3,clear-day
2024-02-18,18:00 - 19:00,2755,Sunday,26.4,5.3,clear-day
2024-02-18,19:00 - 20:00,2483,Sunday,26.4,5.3,clear-day
2024-02-18,20:00 - 21:00,1811,Sunday,26.4,5.3,clear-day
2024-02-18,21:00 - 22:00,1487,Sunday,26.4,5.3,clear-day
2024-02-18,22:00 - 23:00,317,Sunday,26.4,5.3,clear-day
2024-02-19,06:00 - 07:00,447,Monday,26.1,18.6,clear-day
2024-02-19,07:00 - 08:00,1522,Monday,26.1,18.6,clear-day
2024-02-19,08:00 - 09:00,2546,Monday,26.1,18.6,clear-day
2024-02-19,09:00 - 10:00,2142,Monday,26.1,18.6,clear-day
2024-02-19,10:00 - 11:00,3768,Monday,26.1,18.6,clear-day
2024-02-19,11:00 - 12:00,1402,Monday,26.1,18.6,clear-day
2024-02-19,12:00 - 13:00,843,Monday,26.1,18.6,clear-day
2024-02-19,13:00 - 14:00,1101,Monday,26.1,18.6,clear-day
2024-02-19,14:00 - 15:00,1299,Monday,26.1,18.6,clear-day
2024-02-19,15:00 - 16:00,894,Monday,26.1,18.6,clear-day
2024-02-19,16:00 - 17:00,1023,Monday,26.1,18.6,clear-day
2024-02-19,17:00 - 18:00,2365,Monday,26.1,18.6,clear-day
2024-02-19,18:00 - 19:00,3140,Monday,26.1,18.6,clear-day
2024-02-19,19:00 - 20:00,2830,Monday,26.1,18.6,clear-day
2024-02-19,20:00 - 21:00,2064,Monday,26.1,18.6,clear-day
2024-02-19,21:00 - 22:00,1694,Monday,26.1,18.6,clear-day
2024-02-19,22:00 - 23:00,361,Monday,26.1,18.6,clear-day
2024-02-20,06:00 - 07:00,427,Tuesday,25.0,14.9,clear-day
2024-02-20,07:00 - 08:00,1456,Tuesday,25.0,14.9,clear-day
2024-02-20,08:00 - 09:00,2435,Tuesday,25.0,14.9,clear-day
2024-02-20,09:00 - 10:00,2049,Tuesday,25.0,14.9,clear-day
2024-02-20,10:00 - 11:00,3604,Tuesday,25.0,14.9,clear-day
2024-02-20,11:00 - 12:00,1341,Tuesday,25.0,14.9,clear-day
2024-02-20,12:00 - 13:00,806,Tuesday,25.0,14.9,clear-day
2024-02-20,13:00 - 14:00,1053,Tuesday,25.0,14.9,clear-day
2024-02-20,14:00 - 15:00,1242,Tuesday,25.0,14.9,clear-day
2024-02-20,15:00 - 16:00,855,Tuesday,25.0,14.9,clear-day
2024-02-20,16:00 - 17:00,979,Tuesday,25.0,14.9,clear-day
2024-02-20,17:00 - 18:00,2262,Tuesday,25.0,14.9,clear-day
2024-02-20,18:00 - 19:00,3003,Tuesday,25.0,14.9,clear-day
2024-02-20,19:00 - 20:00,2707,Tuesday,25.0,14.9,clear-day
2024-02-20,20:00 - 21:00,1974,Tuesday,25.0,14.9,clear-day
2024-02-20,21:00 - 22:00,1621,Tuesday,25.0,14.9,clear-day
2024-02-20,22:00 - 23:00,345,Tuesday,25.0,14.9,clear-day
2024-02-21,06:00 - 07:00,467,Wednesday,24.7,27.6,partly-cloudy-day
2024-02-21,07:00 - 08:00,1590,Wednesday,24.7,27.6,partly-cloudy-day
2024-02-21,08:00 - 09:00,2660,Wednesday,24.7,27.6,partly-cloudy-day
2024-02-21,09:00 - 10:00,2237,Wednesday,24.7,27.6,partly-cloudy-day
2024-02-21,10:00 - 11:00,3936,Wednesday,24.7,27.6,partly-cloudy-day
2024-02-21,11:00 - 12:00,1464,Wednesday,24.7,27.6,partly-cloudy-day
2024-02-21,12:00 - 13:00,880,Wednesday,24.7,27.6,partly-cloudy-day
2024-02-21,13:00 - 14:00,1150,Wednesday,24.7,27.6,partly-cloudy-day
2024-02-21,14:00 - 15:00,1357,Wednesday,24.7,27.6,partly-cloudy-day
2024-02-21,15:00 - 16:00,934,Wednesday,24.7,27.6,partly-cloudy-day
2024-02-21,16:00 - 17:00,1069,Wednesday,24.7,27.6,partly-cloudy-day
2024-02-21,17:00 - 18:00,2471,Wednesday,24.7,27.6,partly-cloudy-day
2024-02-21,18:00 - 19:00,3280,Wednesday,24.7,27.6,partly-cloudy-day
2024-02-21,19:00 - 20:00,2956,Wednesday,24.7,27.6,partly-cloudy-day
2024-02-21,20:00 - 21:00,2156,Wednesday,24.7,27.6,partly-cloudy-day
2024-02-21,21:00 - 22:00,1770,Wednesday,24.7,27.6,partly-cloudy-day
2024-02-21,22:00 - 23:00,377,Wednesday,24.7,27.6,partly-cloudy-day
2024-02-22,06:00 - 07:00,464,Thursday,24.0,10.5,clear-day
2024-02-22,07:00 - 08:00,1581,Thursday,24.0,10.5,clear-day
2024-02-22,08:00 - 09:00,2645,Thursday,24.0,10.5,clear-day
2024-02-22,09:00 - 10:00,2225,Thursday,24.0,10.5,clear-day
2024-02-22,10:00 - 11:00,3914,Thursday,24.0,10.5,clear-day
2024-02-22,11:00 - 12:00,1456,Thursday,24.0,10.5,clear-day
2024-02-22,12:00 - 13:00,875,Thursday,24.0,10.5,clear-day
2024-02-22,13:00 - 14:00,1143,Thursday,24.0,10.5,clear-day
2024-02-22,14:00 - 15:00,1349,Thursday,24.0,10.5,clear-day
2024-02-22,15:00 - 16:00,929,Thursday,24.0,10.5,clear-day
2024-02-22,16:00 - 17:00,1063,Thursday,24.0,10.5,clear-day
2024-02-22,17:00 - 18:00,2457,Thursday,24.0,10.5,clear-day
2024-02-22,18:00 - 19:00,3262,Thursday,24.0,10.5,clear-day
2024-02-22,19:00 - 20:00,2940,Thursday,24.0,10.5,clear-day
2024-02-22,20:00 - 21:00,2144,Thursday,24.0,10.5,clear-day
2024-02-22,21:00 - 22:00,1760,Thursday,24.0,10.5,clear-day
2024-02-22,22:00 - 23:00,375,Thursday,24.0,10.5,clear-day
2024-02-23,06:00 - 07:00,581,Friday,22.6,0.0,clear-day
2024-02-23,07:00 - 08:00,1979,Friday,22.6,0.0,clear-day
2024-02-23,08:00 - 09:00,3310,Friday,22.6,0.0,clear-day
2024-02-23,09:00 - 10:00,2785,Friday,22.6,0.0,clear-day
2024-02-23,10:00 - 11:00,4898,Friday,22.6,0.0,clear-day
2024-02-23,11:00 - 12:00,1823,Friday,22.6,0.0,clear-day
2024-02-23,12:00 - 13:00,1096,Friday,22.6,0.0,clear-day
2024-02-23,13:00 - 14:00,1431,Friday,22.6,0.0,clear-day
2024-02-23,14:00 - 15:00,1688,Friday,22.6,0.0,clear-day
2024-02-23,15:00 - 16:00,1163,Friday,22.6,0.0,clear-day
2024-02-23,16:00 - 17:00,1331,Friday,22.6,0.0,clear-day
2024-02-23,17:00 - 18:00,3075,Friday,22.6,0.0,clear-day
2024-02-23,18:00 - 19:00,4082,Friday,22.6,0.0,clear-day
2024-02-23,19:00 - 20:00,3679,Friday,22.6,0.0,clear-day
2024-02-23,20:00 - 21:00,2684,Friday,22.6,0.0,clear-day
2024-02-23,21:00 - 22:00,2203,Friday,22.6,0.0,clear-day
2024-02-23,22:00 - 23:00,469,Friday,22.6,0.0,clear-day
2024-02-24,06:00 - 07:00,524,Saturday,22.0,0.0,clear-day
2024-02-24,07:00 - 08:00,1784,Saturday,22.0,0.0,clear-day
2024-02-24,08:00 - 09:00,2984,Saturday,22.0,0.0,clear-day
2024-02-24,09:00 - 10:00,2510,Saturday,22.0,0.0,clear-day
2024-02-24,10:00 - 11:00,4415,Saturday,22.0,0.0,clear-day
2024-02-24,11:00 - 12:00,1643,Saturday,22.0,0.0,clear-day
2024-02-24,12:00 - 13:00,987,Saturday,22.0,0.0,clear-day
2024-02-24,13:00 - 14:00,1290,Saturday,22.0,0.0,clear-day
2024-02-24,14:00 - 15:00,1522,Saturday,22.0,0.0,clear-day
2024-02-24,15:00 - 16:00,1048,Saturday,22.0,0.0,clear-day
2024-02-24,16:00 - 17:00,1199,Saturday,22.0,0.0,clear-day
2024-02-24,17:00 - 18:00,2772,Saturday,22.0,0.0,clear-day
2024-02-24,18:00 - 19:00,3679,Saturday,22.0,0.0,clear-day
2024-02-24,19:00 - 20:00,3316,Saturday,22.0,0.0,clear-day
2024-02-24,20:00 - 21:00,2419,Saturday,22.0,0.0,clear-day
2024-02-24,21:00 - 22:00,1986,Saturday,22.0,0.0,clear-day
2024-02-24,22:00 - 23:00,423,Saturday,22.0,0.0,clear-day
2024-02-25,06:00 - 07:00,454,Sunday,22.4,12.9,clear-day
2024-02-25,07:00 - 08:00,1547,Sunday,22.4,12.9,clear-day
2024-02-25,08:00 - 09:00,2588,Sunday,22.4,12.9,clear-day
2024-02-25,09:00 - 10:00,2177,Sunday,22.4,12.9,clear-day
2024-02-25,10:00 - 11:00,3829,Sunday,22.4,12.9,clear-day
2024-02-25,11:00 - 12:00,1425,Sunday,22.4,12.9,clear-day
2024-02-25,12:00 - 13:00,856,Sunday,22.4,12.9,clear-day
2024-02-25,13:00 - 14:00,1119,Sunday,22.4,12.9,clear-day
2024-02-25,14:00 - 15:00,1320,Sunday,22.4,12.9,clear-day
2024-02-25,15:00 - 16:00,909,Sunday,22.4,12.9,clear-day
2024-02-25,16:00 - 17:00,1040,Sunday,22.4,12.9,clear-day
2024-02-25,17:00 - 18:00,2404,Sunday,22.4,12.9,clear-day
2024-02-25,18:00 - 19:00,3191,Sunday,22.4,12.9,clear-day
2024-02-25,19:00 - 20:00,2876,Sunday,22.4,12.9,clear-day
2024-02-25,20:00 - 21:00,2098,Sunday,22.4,12.9,clear-day
2024-02-25,21:00 - 22:00,1722,Sunday,22.4,12.9,clear-day
2024-02-25,22:00 - 23:00,367,Sunday,22.4,12.9,clear-day
2024-02-26,06:00 - 07:00,362,Monday,23.7,30.8,partly-cloudy-day
2024-02-26,07:00 - 08:00,1234,Monday,23.7,30.8,partly-cloudy-day
2024-02-26,08:00 - 09:00,2064,Monday,23.7,30.8,partly-cloudy-day
2024-02-26,09:00 - 10:00,1736,Monday,23.7,30.8,partly-cloudy-day
2024-02-26,10:00 - 11:00,3054,Monday,23.7,30.8,partly-cloudy-day
2024-02-26,11:00 - 12:00,1136,Monday,23.7,30.8,partly-cloudy-day
2024-02-26,12:00 - 13:00,683,Monday,23.7,30.8,partly-cloudy-day
2024-02-26,13:00 - 14:00,892,Monday,23.7,30.8,partly-cloudy-day
2024-02-26,14:00 - 15:00,1053,Monday,23.7,30.8,partly-cloudy-day
2024-02-26,15:00 - 16:00,725,Monday,23.7,30.8,partly-cloudy-day
2024-02-26,16:00 - 17:00,829,Monday,23.7,30.8,partly-cloudy-day
2024-02-26,17:00 - 18:00,1917,Monday,23.7,30.8,partly-cloudy-day
2024-02-26,18:00 - 19:00,2545,Monday,23.7,30.8,partly-cloudy-day
2024-02-26,19:00 - 20:00,2294,Monday,23.7,30.8,partly-cloudy-day
2024-02-26,20:00 - 21:00,1673,Monday,23.7,30.8,partly-cloudy-day
2024-02-26,21:00 - 22:00,1373,Monday,23.7,30.8,partly-cloudy-day
2024-02-26,22:00 - 23:00,292,Monday,23.7,30.8,partly-cloudy-day
2024-02-27,06:00 - 07:00,551,Tuesday,25.4,43.0,partly-cloudy-day
2024-02-27,07:00 - 08:00,1876,Tuesday,25.4,43.0,partly-cloudy-day
2024-02-27,08:00 - 09:00,3138,Tuesday,25.4,43.0,partly-cloudy-day
2024-02-27,09:00 - 10:00,2639,Tuesday,25.4,43.0,partly-cloudy-day
2024-02-27,10:00 - 11:00,4643,Tuesday,25.4,43.0,partly-cloudy-day
2024-02-27,11:00 - 12:00,1728,Tuesday,25.4,43.0,partly-cloudy-day
2024-02-27,12:00 - 13:00,1038,Tuesday,25.4,43.0,partly-cloudy-day
2024-02-27,13:00 - 14:00,1356,Tuesday,25.4,43.0,partly-cloudy-day
2024-02-27,14:00 - 15:00,1600,Tuesday,25.4,43.0,partly-cloudy-day
2024-02-27,15:00 - 16:00,1102,Tuesday,25.4,43.0,partly-cloudy-day
2024-02-27,16:00 - 17:00,1261,Tuesday,25.4,43.0,partly-cloudy-day
2024-02-27,17:00 - 18:00,2915,Tuesday,25.4,43.0,partly-cloudy-day
2024-02-27,18:00 - 19:00,3869,Tuesday,25.4,43.0,partly-cloudy-day
2024-02-27,19:00 - 20:00,3487,Tuesday,25.4,43.0,partly-cloudy-day
2024-02-27,20:00 - 21:00,2544,Tuesday,25.4,43.0,partly-cloudy-day
2024-02-27,21:00 - 22:00,2088,Tuesday,25.4,43.0,partly-cloudy-day
2024-02-27,22:00 - 23:00,445,Tuesday,25.4,43.0,partly-cloudy-day
2024-02-28,06:00 - 07:00,532,Wednesday,25.6,13.0,clear-day
2024-02-28,07:00 - 08:00,1811,Wednesday,25.6,13.0,clear-day
2024-02-28,08:00 - 09:00,3029,Wednesday,25.6,13.0,clear-day
2024-02-28,09:00 - 10:00,2548,Wednesday,25.6,13.0,clear-day
2024-02-28,10:00 - 11:00,4482,Wednesday,25.6,13.0,clear-day
2024-02-28,11:00 - 12:00,1668,Wednesday,25.6,13.0,clear-day
2024-02-28,12:00 - 13:00,1002,Wednesday,25.6,13.0,clear-day
2024-02-28,13:00 - 14:00,1310,Wednesday,25.6,13.0,clear-day
2024-02-28,14:00 - 15:00,1545,Wednesday,25.6,13.0,clear-day
2024-02-28,15:00 - 16:00,1064,Wednesday,25.6,13.0,clear-day
2024-02-28,16:00 - 17:00,1217,Wednesday,25.6,13.0,clear-day
2024-02-28,17:00 - 18:00,2814,Wednesday,25.6,13.0,clear-day
2024-02-28,18:00 - 19:00,3735,Wednesday,25.6,13.0,clear-day
2024-02-28,19:00 - 20:00,3367,Wednesday,25.6,13.0,clear-day
2024-02-28,20:00 - 21:00,2456,Wednesday,25.6,13.0,clear-day
2024-02-28,21:00 - 22:00,2016,Wednesday,25.6,13.0,clear-day
2024-02-28,22:00 - 23:00,429,Wednesday,25.6,13.0,clear-day
2024-02-29,06:00 - 07:00,432,Thursday,27.2,2.9,clear-day
2024-02-29,07:00 - 08:00,1471,Thursday,27.2,2.9,clear-day
2024-02-29,08:00 - 09:00,2460,Thursday,27.2,2.9,clear-day
2024-02-29,09:00 - 10:00,2069,Thursday,27.2,2.9,clear-day
2024-02-29,10:00 - 11:00,3640,Thursday,27.2,2.9,clear-day
2024-02-29,11:00 - 12:00,1354,Thursday,27.2,2.9,clear-day
2024-02-29,12:00 - 13:00,814,Thursday,27.2,2.9,clear-day
2024-02-29,13:00 - 14:00,1064,Thursday,27.2,2.9,clear-day
2024-02-29,14:00 - 15:00,1255,Thursday,27.2,2.9,clear-day
2024-02-29,15:00 - 16:00,864,Thursday,27.2,2.9,clear-day
2024-02-29,16:00 - 17:00,989,Thursday,27.2,2.9,clear-day
2024-02-29,17:00 - 18:00,2285,Thursday,27.2,2.9,clear-day
2024-02-29,18:00 - 19:00,3034,Thursday,27.2,2.9,clear-day
2024-02-29,19:00 - 20:00,2734,Thursday,27.2,2.9,clear-day
2024-02-29,20:00 - 21:00,1995,Thursday,27.2,2.9,clear-day
2024-02-29,21:00 - 22:00,1637,Thursday,27.2,2.9,clear-day
2024-02-29,22:00 - 23:00,349,Thursday,27.2,2.9,clear-day
2024-03-01,06:00 - 07:00,486,Friday,28.5,48.3,partly-cloudy-day
2024-03-01,07:00 - 08:00,1657,Friday,28.5,48.3,partly-cloudy-day
2024-03-01,08:00 - 09:00,2771,Friday,28.5,48.3,partly-cloudy-day
2024-03-01,09:00 - 10:00,2331,Friday,28.5,48.3,partly-cloudy-day
2024-03-01,10:00 - 11:00,4100,Friday,28.5,48.3,partly-cloudy-day
2024-03-01,11:00 - 12:00,1526,Friday,28.5,48.3,partly-cloudy-day
2024-03-01,12:00 - 13:00,917,Friday,28.5,48.3,partly-cloudy-day
2024-03-01,13:00 - 14:00,1198,Friday,28.5,48.3,partly-cloudy-day
2024-03-01,14:00 - 15:00,1413,Friday,28.5,48.3,partly-cloudy-day
2024-03-01,15:00 - 16:00,973,Friday,28.5,48.3,partly-cloudy-day
2024-03-01,16:00 - 17:00,1114,Friday,28.5,48.3,partly-cloudy-day
2024-03-01,17:00 - 18:00,2574,Friday,28.5,48.3,partly-cloudy-day
2024-03-01,18:00 - 19:00,3417,Friday,28.5,48.3,partly-cloudy-day
2024-03-01,19:00 - 20:00,3080,Friday,28.5,48.3,partly-cloudy-day
2024-03-01,20:00 - 21:00,2247,Friday,28.5,48.3,partly-cloudy-day
2024-03-01,21:00 - 22:00,1844,Friday,28.5,48.3,partly-cloudy-day
2024-03-01,22:00 - 23:00,393,Friday,28.5,48.3,partly-cloudy-day
2024-03-02,06:00 - 07:00,314,Saturday,25.3,68.2,rain
2024-03-02,07:00 - 08:00,1071,Saturday,25.3,68.2,rain
2024-03-02,08:00 - 09:00,1791,Saturday,25.3,68.2,rain
2024-03-02,09:00 - 10:00,1507,Saturday,25.3,68.2,rain
2024-03-02,10:00 - 11:00,2650,Saturday,25.3,68.2,rain
2024-03-02,11:00 - 12:00,986,Saturday,25.3,68.2,rain
2024-03-02,12:00 - 13:00,593,Saturday,25.3,68.2,rain
2024-03-02,13:00 - 14:00,774,Saturday,25.3,68.2,rain
2024-03-02,14:00 - 15:00,913,Saturday,25.3,68.2,rain
2024-03-02,15:00 - 16:00,629,Saturday,25.3,68.2,rain
2024-03-02,16:00 - 17:00,720,Saturday,25.3,68.2,rain
2024-03-02,17:00 - 18:00,1664,Saturday,25.3,68.2,rain
2024-03-02,18:00 - 19:00,2209,Saturday,25.3,68.2,rain
2024-03-02,19:00 - 20:00,1991,Saturday,25.3,68.2,rain
2024-03-02,20:00 - 21:00,1452,Saturday,25.3,68.2,rain
2024-03-02,21:00 - 22:00,1192,Saturday,25.3,68.2,rain
2024-03-02,22:00 - 23:00,254,Saturday,25.3,68.2,rain
2024-03-03,06:00 - 07:00,402,Sunday,19.9,24.4,partly-cloudy-day
2024-03-03,07:00 - 08:00,1370,Sunday,19.9,24.4,partly-cloudy-day
2024-03-03,08:00 - 09:00,2291,Sunday,19.9,24.4,partly-cloudy-day
2024-03-03,09:00 - 10:00,1927,Sunday,19.9,24.4,partly-cloudy-day
2024-03-03,10:00 - 11:00,3391,Sunday,19.9,24.4,partly-cloudy-day
2024-03-03,11:00 - 12:00,1262,Sunday,19.9,24.4,partly-cloudy-day
2024-03-03,12:00 - 13:00,758,Sunday,19.9,24.4,partly-cloudy-day
2024-03-03,13:00 - 14:00,991,Sunday,19.9,24.4,partly-cloudy-day
2024-03-03,14:00 - 15:00,1169,Sunday,19.9,24.4,partly-cloudy-day
2024-03-03,15:00 - 16:00,805,Sunday,19.9,24.4,partly-cloudy-day
2024-03-03,16:00 - 17:00,921,Sunday,19.9,24.4,partly-cloudy-day
2024-03-03,17:00 - 18:00,2129,Sunday,19.9,24.4,partly-cloudy-day
2024-03-03,18:00 - 19:00,2825,Sunday,19.9,24.4,partly-cloudy-day
2024-03-03,19:00 - 20:00,2547,Sunday,19.9,24.4,partly-cloudy-day
2024-03-03,20:00 - 21:00,1858,Sunday,19.9,24.4,partly-cloudy-day
2024-03-03,21:00 - 22:00,1525,Sunday,19.9,24.4,partly-cloudy-day
2024-03-03,22:00 - 23:00,325,Sunday,19.9,24.4,partly-cloudy-day
2024-03-04,06:00 - 07:00,471,Monday,20.5,15.7,clear-day
2024-03-04,07:00 - 08:00,1606,Monday,20.5,15.7,clear-day
2024-03-04,08:00 - 09:00,2686,Monday,20.5,15.7,clear-day
2024-03-04,09:00 - 10:00,2260,Monday,20.5,15.7,clear-day
2024-03-04,10:00 - 11:00,3975,Monday,20.5,15.7,clear-day
2024-03-04,11:00 - 12:00,1479,Monday,20.5,15.7,clear-day
2024-03-04,12:00 - 13:00,889,Monday,20.5,15.7,clear-day
2024-03-04,13:00 - 14:00,1161,Monday,20.5,15.7,clear-day
2024-03-04,14:00 - 15:00,1370,Monday,20.5,15.7,clear-day
2024-03-04,15:00 - 16:00,943,Monday,20.5,15.7,clear-day
2024-03-04,16:00 - 17:00,1080,Monday,20.5,15.7,clear-day
2024-03-04,17:00 - 18:00,2496,Monday,20.5,15.7,clear-day
2024-03-04,18:00 - 19:00,3313,Monday,20.5,15.7,clear-day
2024-03-04,19:00 - 20:00,2986,Monday,20.5,15.7,clear-day
2024-03-04,20:00 - 21:00,2178,Monday,20.5,15.7,clear-day
2024-03-04,21:00 - 22:00,1788,Monday,20.5,15.7,clear-day
2024-03-04,22:00 - 23:00,381,Monday,20.5,15.7,clear-day
2024-03-05,06:00 - 07:00,408,Tuesday,21.9,0.0,clear-day
2024-03-05,07:00 - 08:00,1390,Tuesday,21.9,0.0,clear-day
2024-03-05,08:00 - 09:00,2325,Tuesday,21.9,0.0,clear-day
2024-03-05,09:00 - 10:00,1956,Tuesday,21.9,0.0,clear-day
2024-03-05,10:00 - 11:00,3441,Tuesday,21.9,0.0,clear-day
2024-03-05,11:00 - 12:00,1280,Tuesday,21.9,0.0,clear-day
2024-03-05,12:00 - 13:00,770,Tuesday,21.9,0.0,clear-day
2024-03-05,13:00 - 14:00,1005,Tuesday,21.9,0.0,clear-day
2024-03-05,14:00 - 15:00,1186,Tuesday,21.9,0.0,clear-day
2024-03-05,15:00 - 16:00,817,Tuesday,21.9,0.0,clear-day
2024-03-05,16:00 - 17:00,935,Tuesday,21.9,0.0,clear-day
2024-03-05,17:00 - 18:00,2160,Tuesday,21.9,0.0,clear-day
2024-03-05,18:00 - 19:00,2867,Tuesday,21.9,0.0,clear-day
2024-03-05,19:00 - 20:00,2585,Tuesday,21.9,0.0,clear-day
2024-03-05,20:00 - 21:00,1885,Tuesday,21.9,0.0,clear-day
2024-03-05,21:00 - 22:00,1547,Tuesday,21.9,0.0,clear-day
2024-03-05,22:00 - 23:00,330,Tuesday,21.9,0.0,clear-day
2024-03-06,06:00 - 07:00,430,Wednesday,23.4,4.5,clear-day
2024-03-06,07:00 - 08:00,1466,Wednesday,23.4,4.5,clear-day
2024-03-06,08:00 - 09:00,2453,Wednesday,23.4,4.5,clear-day
2024-03-06,09:00 - 10:00,2063,Wednesday,23.4,4.5,clear-day
2024-03-06,10:00 - 11:00,3629,Wednesday,23.4,4.5,clear-day
2024-03-06,11:00 - 12:00,1350,Wednesday,23.4,4.5,clear-day
2024-03-06,12:00 - 13:00,812,Wednesday,23.4,4.5,clear-day
2024-03-06,13:00 - 14:00,1060,Wednesday,23.4,4.5,clear-day
2024-03-06,14:00 - 15:00,1251,Wednesday,23.4,4.5,clear-day
2024-03-06,15:00 - 16:00,861,Wednesday,23.4,4.5,clear-day
2024-03-06,16:00 - 17:00,986,Wednesday,23.4,4.5,clear-day
2024-03-06,17:00 - 18:00,2278,Wednesday,23.4,4.5,clear-day
2024-03-06,18:00 - 19:00,3024,Wednesday,23.4,4.5,clear-day
2024-03-06,19:00 - 20:00,2726,Wednesday,23.4,4.5,clear-day
2024-03-06,20:00 - 21:00,1988,Wednesday,23.4,4.5,clear-day
2024-03-06,21:00 - 22:00,1632,Wednesday,23.4,4.5,clear-day
2024-03-06,22:00 - 23:00,348,Wednesday,23.4,4.5,clear-day
2024-03-07,06:00 - 07:00,566,Thursday,24.6,1.6,clear-day
2024-03-07,07:00 - 08:00,1929,Thursday,24.6,1.6,clear-day
2024-03-07,08:00 - 09:00,3227,Thursday,24.6,1.6,clear-day
2024-03-07,09:00 - 10:00,2714,Thursday,24.6,1.6,clear-day
2024-03-07,10:00 - 11:00,4775,Thursday,24.6,1.6,clear-day
2024-03-07,11:00 - 12:00,1777,Thursday,24.6,1.6,clear-day
2024-03-07,12:00 - 13:00,1068,Thursday,24.6,1.6,clear-day
2024-03-07,13:00 - 14:00,1395,Thursday,24.6,1.6,clear-day
2024-03-07,14:00 - 15:00,1646,Thursday,24.6,1.6,clear-day
2024-03-07,15:00 - 16:00,1133,Thursday,24.6,1.6,clear-day
2024-03-07,16:00 - 17:00,1297,Thursday,24.6,1.6,clear-day
2024-03-07,17:00 - 18:00,2998,Thursday,24.6,1.6,clear-day
2024-03-07,18:00 - 19:00,3979,Thursday,24.6,1.6,clear-day
2024-03-07,19:00 - 20:00,3587,Thursday,24.6,1.6,clear-day
2024-03-07,20:00 - 21:00,2616,Thursday,24.6,1.6,clear-day
2024-03-07,21:00 - 22:00,2147,Thursday,24.6,1.6,clear-day
2024-03-07,22:00 - 23:00,457,Thursday,24.6,1.6,clear-day
2024-03-08,06:00 - 07:00,632,Friday,24.9,0.0,clear-day
2024-03-08,07:00 - 08:00,2153,Friday,24.9,0.0,clear-day
2024-03-08,08:00 - 09:00,3602,Friday,24.9,0.0,clear-day
2024-03-08,09:00 - 10:00,3030,Friday,24.9,0.0,clear-day
2024-03-08,10:00 - 11:00,5330,Friday,24.9,0.0,clear-day
2024-03-08,11:00 - 12:00,1983,Friday,24.9,0.0,clear-day
2024-03-08,12:00 - 13:00,1192,Friday,24.9,0.0,clear-day
2024-03-08,13:00 - 14:00,1557,Friday,24.9,0.0,clear-day
2024-03-08,14:00 - 15:00,1837,Friday,24.9,0.0,clear-day
2024-03-08,15:00 - 16:00,1265,Friday,24.9,0.0,clear-day
2024-03-08,16:00 - 17:00,1448,Friday,24.9,0.0,clear-day
2024-03-08,17:00 - 18:00,3346,Friday,24.9,0.0,clear-day
2024-03-08,18:00 - 19:00,4441,Friday,24.9,0.0,clear-day
2024-03-08,19:00 - 20:00,4003,Friday,24.9,0.0,clear-day
2024-03-08,20:00 - 21:00,2920,Friday,24.9,0.0,clear-day
2024-03-08,21:00 - 22:00,2397,Friday,24.9,0.0,clear-day
2024-03-08,22:00 - 23:00,511,Friday,24.9,0.0,clear-day
2024-03-09,06:00 - 07:00,551,Saturday,25.4,10.0,clear-day
2024-03-09,07:00 - 08:00,1878,Saturday,25.4,10.0,clear-day
2024-03-09,08:00 - 09:00,3141,Saturday,25.4,10.0,clear-day
2024-03-09,09:00 - 10:00,2642,Saturday,25.4,10.0,clear-day
2024-03-09,10:00 - 11:00,4648,Saturday,25.4,10.0,clear-day
2024-03-09,11:00 - 12:00,1729,Saturday,25.4,10.0,clear-day
2024-03-09,12:00 - 13:00,1040,Saturday,25.4,10.0,clear-day
2024-03-09,13:00 - 14:00,1358,Saturday,25.4,10.0,clear-day
2024-03-09,14:00 - 15:00,1602,Saturday,25.4,10.0,clear-day
2024-03-09,15:00 - 16:00,1103,Saturday,25.4,10.0,clear-day
2024-03-09,16:00 - 17:00,1262,Saturday,25.4,10.0,clear-day
2024-03-09,17:00 - 18:00,2918,Saturday,25.4,10.0,clear-day
2024-03-09,18:00 - 19:00,3873,Saturday,25.4,10.0,clear-day
2024-03-09,19:00 - 20:00,3491,Saturday,25.4,10.0,clear-day
2024-03-09,20:00 - 21:00,2546,Saturday,25.4,10.0,clear-day
2024-03-09,21:00 - 22:00,2090,Saturday,25.4,10.0,clear-day
2024-03-09,22:00 - 23:00,445,Saturday,25.4,10.0,clear-day
2024-03-10,06:00 - 07:00,487,Sunday,26.1,10.8,clear-day
2024-03-10,07:00 - 08:00,1657,Sunday,26.1,10.8,clear-day
2024-03-10,08:00 - 09:00,2772,Sunday,26.1,10.8,clear-day
2024-03-10,09:00 - 10:00,2332,Sunday,26.1,10.8,clear-day
2024-03-10,10:00 - 11:00,4102,Sunday,26.1,10.8,clear-day
2024-03-10,11:00 - 12:00,1526,Sunday,26.1,10.8,clear-day
2024-03-10,12:00 - 13:00,917,Sunday,26.1,10.8,clear-day
2024-03-10,13:00 - 14:00,1199,Sunday,26.1,10.8,clear-day
2024-03-10,14:00 - 15:00,1414,Sunday,26.1,10.8,clear-day
2024-03-10,15:00 - 16:00,974,Sunday,26.1,10.8,clear-day
2024-03-10,16:00 - 17:00,1114,Sunday,26.1,10.8,clear-day
2024-03-10,17:00 - 18:00,2575,Sunday,26.1,10.8,clear-day
2024-03-10,18:00 - 19:00,3419,Sunday,26.1,10.8,clear-day
2024-03-10,19:00 - 20:00,3081,Sunday,26.1,10.8,clear-day
2024-03-10,20:00 - 21:00,2248,Sunday,26.1,10.8,clear-day
2024-03-10,21:00 - 22:00,1845,Sunday,26.1,10.8,clear-day
2024-03-10,22:00 - 23:00,393,Sunday,26.1,10.8,clear-day
2024-03-11,06:00 - 07:00,470,Monday,27.5,0.0,clear-day
2024-03-11,07:00 - 08:00,1600,Monday,27.5,0.0,clear-day
2024-03-11,08:00 - 09:00,2676,Monday,27.5,0.0,clear-day
2024-03-11,09:00 - 10:00,2251,Monday,27.5,0.0,clear-day
2024-03-11,10:00 - 11:00,3960,Monday,27.5,0.0,clear-day
2024-03-11,11:00 - 12:00,1474,Monday,27.5,0.0,clear-day
2024-03-11,12:00 - 13:00,886,Monday,27.5,0.0,clear-day
2024-03-11,13:00 - 14:00,1157,Monday,27.5,0.0,clear-day
2024-03-11,14:00 - 15:00,1365,Monday,27.5,0.0,clear-day
2024-03-11,15:00 - 16:00,940,Monday,27.5,0.0,clear-day
2024-03-11,16:00 - 17:00,1076,Monday,27.5,0.0,clear-day
2024-03-11,17:00 - 18:00,2486,Monday,27.5,0.0,clear-day
2024-03-11,18:00 - 19:00,3300,Monday,27.5,0.0,clear-day
2024-03-11,19:00 - 20:00,2975,Monday,27.5,0.0,clear-day
2024-03-11,20:00 - 21:00,2170,Monday,27.5,0.0,clear-day
2024-03-11,21:00 - 22:00,1781,Monday,27.5,0.0,clear-day
2024-03-11,22:00 - 23:00,379,Monday,27.5,0.0,clear-day
2024-03-12,06:00 - 07:00,412,Tuesday,27.6,0.0,clear-day
2024-03-12,07:00 - 08:00,1403,Tuesday,27.6,0.0,clear-day
2024-03-12,08:00 - 09:00,2346,Tuesday,27.6,0.0,clear-day
2024-03-12,09:00 - 10:00,1974,Tuesday,27.6,0.0,clear-day
2024-03-12,10:00 - 11:00,3472,Tuesday,27.6,0.0,clear-day
2024-03-12,11:00 - 12:00,1292,Tuesday,27.6,0.0,clear-day
2024-03-12,12:00 - 13:00,776,Tuesday,27.6,0.0,clear-day
2024-03-12,13:00 - 14:00,1014,Tuesday,27.6,0.0,clear-day
2024-03-12,14:00 - 15:00,1197,Tuesday,27.6,0.0,clear-day
2024-03-12,15:00 - 16:00,824,Tuesday,27.6,0.0,clear-day
2024-03-12,16:00 - 17:00,943,Tuesday,27.6,0.0,clear-day
2024-03-12,17:00 - 18:00,2180,Tuesday,27.6,0.0,clear-day
2024-03-12,18:00 - 19:00,2893,Tuesday,27.6,0.0,clear-day
2024-03-12,19:00 - 20:00,2608,Tuesday,27.6,0.0,clear-day
2024-03-12,20:00 - 21:00,1902,Tuesday,27.6,0.0,clear-day
2024-03-12,21:00 - 22:00,1561,Tuesday,27.6,0.0,clear-day
2024-03-12,22:00 - 23:00,332,Tuesday,27.6,0.0,clear-day
2024-03-13,06:00 - 07:00,581,Wednesday,26.8,0.0,clear-day
2024-03-13,07:00 - 08:00,1978,Wednesday,26.8,0.0,clear-day
2024-03-13,08:00 - 09:00,3309,Wednesday,26.8,0.0,clear-day
2024-03-13,09:00 - 10:00,2783,Wednesday,26.8,0.0,clear-day
2024-03-13,10:00 - 11:00,4896,Wednesday,26.8,0.0,clear-day
2024-03-13,11:00 - 12:00,1822,Wednesday,26.8,0.0,clear-day
2024-03-13,12:00 - 13:00,1095,Wednesday,26.8,0.0,clear-day
2024-03-13,13:00 - 14:00,1431,Wednesday,26.8,0.0,clear-day
2024-03-13,14:00 - 15:00,1688,Wednesday,26.8,0.0,clear-day
2024-03-13,15:00 - 16:00,1162,Wednesday,26.8,0.0,clear-day
2024-03-13,16:00 - 17:00,1330,Wednesday,26.8,0.0,clear-day
2024-03-13,17:00 - 18:00,3074,Wednesday,26.8,0.0,clear-day
2024-03-13,18:00 - 19:00,4080,Wednesday,26.8,0.0,clear-day
2024-03-13,19:00 - 20:00,3678,Wednesday,26.8,0.0,clear-day
2024-03-13,20:00 - 21:00,2683,Wednesday,26.8,0.0,clear-day
2024-03-13,21:00 - 22:00,2202,Wednesday,26.8,0.0,clear-day
2024-03-13,22:00 - 23:00,469,Wednesday,26.8,0.0,clear-day
2024-03-14,06:00 - 07:00,423,Thursday,27.0,0.0,clear-day
2024-03-14,07:00 - 08:00,1440,Thursday,27.0,0.0,clear-day
2024-03-14,08:00 - 09:00,2408,Thursday,27.0,0.0,clear-day
2024-03-14,09:00 - 10:00,2026,Thursday,27.0,0.0,clear-day
2024-03-14,10:00 - 11:00,3564,Thursday,27.0,0.0,clear-day
2024-03-14,11:00 - 12:00,1326,Thursday,27.0,0.0,clear-day
2024-03-14,12:00 - 13:00,797,Thursday,27.0,0.0,clear-day
2024-03-14,13:00 - 14:00,1041,Thursday,27.0,0.0,clear-day
2024-03-14,14:00 - 15:00,1228,Thursday,27.0,0.0,clear-day
2024-03-14,15:00 - 16:00,846,Thursday,27.0,0.0,clear-day
2024-03-14,16:00 - 17:00,968,Thursday,27.0,0.0,clear-day
2024-03-14,17:00 - 18:00,2237,Thursday,27.0,0.0,clear-day
2024-03-14,18:00 - 19:00,2970,Thursday,27.0,0.0,clear-day
2024-03-14,19:00 - 20:00,2677,Thursday,27.0,0.0,clear-day
2024-03-14,20:00 - 21:00,1952,Thursday,27.0,0.0,clear-day
2024-03-14,21:00 - 22:00,1602,Thursday,27.0,0.0,clear-day
2024-03-14,22:00 - 23:00,341,Thursday,27.0,0.0,clear-day
2024-03-15,06:00 - 07:00,483,Friday,26.7,2.2,clear-day
2024-03-15,07:00 - 08:00,1645,Friday,26.7,2.2,clear-day
2024-03-15,08:00 - 09:00,2750,Friday,26.7,2.2,clear-day
2024-03-15,09:00 - 10:00,2314,Friday,26.7,2.2,clear-day
2024-03-15,10:00 - 11:00,4070,Friday,26.7,2.2,clear-day
2024-03-15,11:00 - 12:00,1514,Friday,26.7,2.2,clear-day
2024-03-15,12:00 - 13:00,910,Friday,26.7,2.2,clear-day
2024-03-15,13:00 - 14:00,1189,Friday,26.7,2.2,clear-day
2024-03-15,14:00 - 15:00,1403,Friday,26.7,2.2,clear-day
2024-03-15,15:00 - 16:00,966,Friday,26.7,2.2,clear-day
2024-03-15,16:00 - 17:00,1105,Friday,26.7,2.2,clear-day
2024-03-15,17:00 - 18:00,2555,Friday,26.7,2.2,clear-day
2024-03-15,18:00 - 19:00,3392,Friday,26.7,2.2,clear-day
2024-03-15,19:00 - 20:00,3057,Friday,26.7,2.2,clear-day
2024-03-15,20:00 - 21:00,2230,Friday,26.7,2.2,clear-day
2024-03-15,21:00 - 22:00,1830,Friday,26.7,2.2,clear-day
2024-03-15,22:00 - 23:00,390,Friday,26.7,2.2,clear-day
2024-03-16,06:00 - 07:00,442,Saturday,27.3,1.7,clear-day
2024-03-16,07:00 - 08:00,1506,Saturday,27.3,1.7,clear-day
2024-03-16,08:00 - 09:00,2519,Saturday,27.3,1.7,clear-day
2024-03-16,09:00 - 10:00,2119,Saturday,27.3,1.7,clear-day
2024-03-16,10:00 - 11:00,3728,Saturday,27.3,1.7,clear-day
2024-03-16,11:00 - 12:00,1387,Saturday,27.3,1.7,clear-day
2024-03-16,12:00 - 13:00,834,Saturday,27.3,1.7,clear-day
2024-03-16,13:00 - 14:00,1089,Saturday,27.3,1.7,clear-day
2024-03-16,14:00 - 15:00,1285,Saturday,27.3,1.7,clear-day
2024-03-16,15:00 - 16:00,885,Saturday,27.3,1.7,clear-day
2024-03-16,16:00 - 17:00,1013,Saturday,27.3,1.7,clear-day
2024-03-16,17:00 - 18:00,2341,Saturday,27.3,1.7,clear-day
2024-03-16,18:00 - 19:00,3107,Saturday,27.3,1.7,clear-day
2024-03-16,19:00 - 20:00,2800,Saturday,27.3,1.7,clear-day
2024-03-16,20:00 - 21:00,2043,Saturday,27.3,1.7,clear-day
2024-03-16,21:00 - 22:00,1677,Saturday,27.3,1.7,clear-day
2024-03-16,22:00 - 23:00,357,Saturday,27.3,1.7,clear-day
2024-03-17,06:00 - 07:00,338,Sunday,28.8,1.3,clear-day
2024-03-17,07:00 - 08:00,1151,Sunday,28.8,1.3,clear-day
2024-03-17,08:00 - 09:00,1926,Sunday,28.8,1.3,clear-day
2024-03-17,09:00 - 10:00,1620,Sunday,28.8,1.3,clear-day
2024-03-17,10:00 - 11:00,2850,Sunday,28.8,1.3,clear-day
2024-03-17,11:00 - 12:00,1060,Sunday,28.8,1.3,clear-day
2024-03-17,12:00 - 13:00,637,Sunday,28.8,1.3,clear-day
2024-03-17,13:00 - 14:00,833,Sunday,28.8,1.3,clear-day
2024-03-17,14:00 - 15:00,982,Sunday,28.8,1.3,clear-day
2024-03-17,15:00 - 16:00,676,Sunday,28.8,1.3,clear-day
2024-03-17,16:00 - 17:00,774,Sunday,28.8,1.3,clear-day
2024-03-17,17:00 - 18:00,1789,Sunday,28.8,1.3,clear-day
2024-03-17,18:00 - 19:00,2375,Sunday,28.8,1.3,clear-day
2024-03-17,19:00 - 20:00,2141,Sunday,28.8,1.3,clear-day
2024-03-17,20:00 - 21:00,1561,Sunday,28.8,1.3,clear-day
2024-03-17,21:00 - 22:00,1282,Sunday,28.8,1.3,clear-day
2024-03-17,22:00 - 23:00,273,Sunday,28.8,1.3,clear-day
2024-03-18,06:00 - 07:00,441,Monday,28.8,5.7,clear-day
2024-03-18,07:00 - 08:00,1502,Monday,28.8,5.7,clear-day
2024-03-18,08:00 - 09:00,2512,Monday,28.8,5.7,clear-day
2024-03-18,09:00 - 10:00,2113,Monday,28.8,5.7,clear-day
2024-03-18,10:00 - 11:00,3718,Monday,28.8,5.7,clear-day
2024-03-18,11:00 - 12:00,1383,Monday,28.8,5.7,clear-day
2024-03-18,12:00 - 13:00,831,Monday,28.8,5.7,clear-day
2024-03-18,13:00 - 14:00,1086,Monday,28.8,5.7,clear-day
2024-03-18,14:00 - 15:00,1281,Monday,28.8,5.7,clear-day
2024-03-18,15:00 - 16:00,882,Monday,28.8,5.7,clear-day
2024-03-18,16:00 - 17:00,1010,Monday,28.8,5.7,clear-day
2024-03-18,17:00 - 18:00,2334,Monday,28.8,5.7,clear-day
2024-03-18,18:00 - 19:00,3098,Monday,28.8,5.7,clear-day
2024-03-18,19:00 - 20:00,2792,Monday,28.8,5.7,clear-day
2024-03-18,20:00 - 21:00,2037,Monday,28.8,5.7,clear-day
2024-03-18,21:00 - 22:00,1672,Monday,28.8,5.7,clear-day
2024-03-18,22:00 - 23:00,356,Monday,28.8,5.7,clear-day
2024-03-19,06:00 - 07:00,441,Tuesday,27.9,0.9,clear-day
2024-03-19,07:00 - 08:00,1504,Tuesday,27.9,0.9,clear-day
2024-03-19,08:00 - 09:00,2515,Tuesday,27.9,0.9,clear-day
2024-03-19,09:00 - 10:00,2116,Tuesday,27.9,0.9,clear-day
2024-03-19,10:00 - 11:00,3722,Tuesday,27.9,0.9,clear-day
2024-03-19,11:00 - 12:00,1385,Tuesday,27.9,0.9,clear-day
2024-03-19,12:00 - 13:00,832,Tuesday,27.9,0.9,clear-day
2024-03-19,13:00 - 14:00,1087,Tuesday,27.9,0.9,clear-day
2024-03-19,14:00 - 15:00,1283,Tuesday,27.9,0.9,clear-day
2024-03-19,15:00 - 16:00,883,Tuesday,27.9,0.9,clear-day
2024-03-19,16:00 - 17:00,1011,Tuesday,27.9,0.9,clear-day
2024-03-19,17:00 - 18:00,2337,Tuesday,27.9,0.9,clear-day
2024-03-19,18:00 - 19:00,3102,Tuesday,27.9,0.9,clear-day
2024-03-19,19:00 - 20:00,2796,Tuesday,27.9,0.9,clear-day
2024-03-19,20:00 - 21:00,2039,Tuesday,27.9,0.9,clear-day
2024-03-19,21:00 - 22:00,1674,Tuesday,27.9,0.9,clear-day
2024-03-19,22:00 - 23:00,356,Tuesday,27.9,0.9,clear-day
2024-03-20,06:00 - 07:00,538,Wednesday,29.3,17.6,clear-day
2024-03-20,07:00 - 08:00,1833,Wednesday,29.3,17.6,clear-day
2024-03-20,08:00 - 09:00,3066,Wednesday,29.3,17.6,clear-day
2024-03-20,09:00 - 10:00,2579,Wednesday,29.3,17.6,clear-day
2024-03-20,10:00 - 11:00,4536,Wednesday,29.3,17.6,clear-day
2024-03-20,11:00 - 12:00,1688,Wednesday,29.3,17.6,clear-day
2024-03-20,12:00 - 13:00,1015,Wednesday,29.3,17.6,clear-day
2024-03-20,13:00 - 14:00,1325,Wednesday,29.3,17.6,clear-day
2024-03-20,14:00 - 15:00,1564,Wednesday,29.3,17.6,clear-day
2024-03-20,15:00 - 16:00,1077,Wednesday,29.3,17.6,clear-day
2024-03-20,16:00 - 17:00,1232,Wednesday,29.3,17.6,clear-day
2024-03-20,17:00 - 18:00,2848,Wednesday,29.3,17.6,clear-day
2024-03-20,18:00 - 19:00,3780,Wednesday,29.3,17.6,clear-day
2024-03-20,19:00 - 20:00,3407,Wednesday,29.3,17.6,clear-day
2024-03-20,20:00 - 21:00,2485,Wednesday,29.3,17.6,clear-day
2024-03-20,21:00 - 22:00,2040,Wednesday,29.3,17.6,clear-day
2024-03-20,22:00 - 23:00,435,Wednesday,29.3,17.6,clear-day
2024-03-21,06:00 - 07:00,426,Thursday,29.4,39.1,partly-cloudy-day
2024-03-21,07:00 - 08:00,1452,Thursday,29.4,39.1,partly-cloudy-day
2024-03-21,08:00 - 09:00,2429,Thursday,29.4,39.1,partly-cloudy-day
2024-03-21,09:00 - 10:00,2043,Thursday,29.4,39.1,partly-cloudy-day
2024-03-21,10:00 - 11:00,3594,Thursday,29.4,39.1,partly-cloudy-day
2024-03-21,11:00 - 12:00,1337,Thursday,29.4,39.1,partly-cloudy-day
2024-03-21,12:00 - 13:00,804,Thursday,29.4,39.1,partly-cloudy-day
2024-03-21,13:00 - 14:00,1050,Thursday,29.4,39.1,partly-cloudy-day
2024-03-21,14:00 - 15:00,1239,Thursday,29.4,39.1,partly-cloudy-day
2024-03-21,15:00 - 16:00,853,Thursday,29.4,39.1,partly-cloudy-day
2024-03-21,16:00 - 17:00,976,Thursday,29.4,39.1,partly-cloudy-day
2024-03-21,17:00 - 18:00,2256,Thursday,29.4,39.1,partly-cloudy-day
2024-03-21,18:00 - 19:00,2995,Thursday,29.4,39.1,partly-cloudy-day
2024-03-21,19:00 - 20:00,2699,Thursday,29.4,39.1,partly-cloudy-day
2024-03-21,20:00 - 21:00,1969,Thursday,29.4,39.1,partly-cloudy-day
2024-03-21,21:00 - 22:00,1616,Thursday,29.4,39.1,partly-cloudy-day
2024-03-21,22:00 - 23:00,344,Thursday,29.4,39.1,partly-cloudy-day
2024-03-22,06:00 - 07:00,513,Friday,28.8,3.6,clear-day
2024-03-22,07:00 - 08:00,1747,Friday,28.8,3.6,clear-day
2024-03-22,08:00 - 09:00,2922,Friday,28.8,3.6,clear-day
2024-03-22,09:00 - 10:00,2458,Friday,28.8,3.6,clear-day
2024-03-22,10:00 - 11:00,4324,Friday,28.8,3.6,clear-day
2024-03-22,11:00 - 12:00,1609,Friday,28.8,3.6,clear-day
2024-03-22,12:00 - 13:00,967,Friday,28.8,3.6,clear-day
2024-03-22,13:00 - 14:00,1263,Friday,28.8,3.6,clear-day
2024-03-22,14:00 - 15:00,1490,Friday,28.8,3.6,clear-day
2024-03-22,15:00 - 16:00,1026,Friday,28.8,3.6,clear-day
2024-03-22,16:00 - 17:00,1174,Friday,28.8,3.6,clear-day
2024-03-22,17:00 - 18:00,2715,Friday,28.8,3.6,clear-day
2024-03-22,18:00 - 19:00,3603,Friday,28.8,3.6,clear-day
2024-03-22,19:00 - 20:00,3248,Friday,28.8,3.6,clear-day
2024-03-22,20:00 - 21:00,2369,Friday,28.8,3.6,clear-day
2024-03-22,21:00 - 22:00,1945,Friday,28.8,3.6,clear-day
2024-03-22,22:00 - 23:00,414,Friday,28.8,3.6,clear-day
2024-03-23,06:00 - 07:00,430,Saturday,30.0,10.6,clear-day
2024-03-23,07:00 - 08:00,1463,Saturday,30.0,10.6,clear-day
2024-03-23,08:00 - 09:00,2447,Saturday,30.0,10.6,clear-day
2024-03-23,09:00 - 10:00,2059,Saturday,30.0,10.6,clear-day
2024-03-23,10:00 - 11:00,3622,Saturday,30.0,10.6,clear-day
2024-03-23,11:00 - 12:00,1348,Saturday,30.0,10.6,clear-day
2024-03-23,12:00 - 13:00,810,Saturday,30.0,10.6,clear-day
2024-03-23,13:00 - 14:00,1058,Saturday,30.0,10.6,clear-day
2024-03-23,14:00 - 15:00,1248,Saturday,30.0,10.6,clear-day
2024-03-23,15:00 - 16:00,860,Saturday,30.0,10.6,clear-day
2024-03-23,16:00 - 17:00,984,Saturday,30.0,10.6,clear-day
2024-03-23,17:00 - 18:00,2274,Saturday,30.0,10.6,clear-day
2024-03-23,18:00 - 19:00,3018,Saturday,30.0,10.6,clear-day
2024-03-23,19:00 - 20:00,2720,Saturday,30.0,10.6,clear-day
2024-03-23,20:00 - 21:00,1984,Saturday,30.0,10.6,clear-day
2024-03-23,21:00 - 22:00,1629,Saturday,30.0,10.6,clear-day
2024-03-23,22:00 - 23:00,347,Saturday,30.0,10.6,clear-day
2024-03-24,06:00 - 07:00,333,Sunday,29.4,9.6,clear-day
2024-03-24,07:00 - 08:00,1134,Sunday,29.4,9.6,clear-day
2024-03-24,08:00 - 09:00,1897,Sunday,29.4,9.6,clear-day
2024-03-24,09:00 - 10:00,1595,Sunday,29.4,9.6,clear-day
2024-03-24,10:00 - 11:00,2807,Sunday,29.4,9.6,clear-day
2024-03-24,11:00 - 12:00,1044,Sunday,29.4,9.6,clear-day
2024-03-24,12:00 - 13:00,628,Sunday,29.4,9.6,clear-day
2024-03-24,13:00 - 14:00,820,Sunday,29.4,9.6,clear-day
2024-03-24,14:00 - 15:00,967,Sunday,29.4,9.6,clear-day
2024-03-24,15:00 - 16:00,666,Sunday,29.4,9.6,clear-day
2024-03-24,16:00 - 17:00,762,Sunday,29.4,9.6,clear-day
2024-03-24,17:00 - 18:00,1762,Sunday,29.4,9.6,clear-day
2024-03-24,18:00 - 19:00,2339,Sunday,29.4,9.6,clear-day
2024-03-24,19:00 - 20:00,2108,Sunday,29.4,9.6,clear-day
2024-03-24,20:00 - 21:00,1538,Sunday,29.4,9.6,clear-day
2024-03-24,21:00 - 22:00,1262,Sunday,29.4,9.6,clear-day
2024-03-24,22:00 - 23:00,269,Sunday,29.4,9.6,clear-day
2024-03-25,06:00 - 07:00,495,Monday,30.4,11.2,clear-day
2024-03-25,07:00 - 08:00,1687,Monday,30.4,11.2,clear-day
2024-03-25,08:00 - 09:00,2822,Monday,30.4,11.2,clear-day
2024-03-25,09:00 - 10:00,2374,Monday,30.4,11.2,clear-day
2024-03-25,10:00 - 11:00,4176,Monday,30.4,11.2,clear-day
2024-03-25,11:00 - 12:00,1554,Monday,30.4,11.2,clear-day
2024-03-25,12:00 - 13:00,934,Monday,30.4,11.2,clear-day
2024-03-25,13:00 - 14:00,1220,Monday,30.4,11.2,clear-day
2024-03-25,14:00 - 15:00,1439,Monday,30.4,11.2,clear-day
2024-03-25,15:00 - 16:00,991,Monday,30.4,11.2,clear-day
2024-03-25,16:00 - 17:00,1134,Monday,30.4,11.2,clear-day
2024-03-25,17:00 - 18:00,2622,Monday,30.4,11.2,clear-day
2024-03-25,18:00 - 19:00,3480,Monday,30.4,11.2,clear-day
2024-03-25,19:00 - 20:00,3137,Monday,30.4,11.2,clear-day
2024-03-25,20:00 - 21:00,2288,Monday,30.4,11.2,clear-day
2024-03-25,21:00 - 22:00,1878,Monday,30.4,11.2,clear-day
2024-03-25,22:00 - 23:00,400,Monday,30.4,11.2,clear-day
2024-03-26,06:00 - 07:00,483,Tuesday,31.3,10.7,clear-day
2024-03-26,07:00 - 08:00,1645,Tuesday,31.3,10.7,clear-day
2024-03-26,08:00 - 09:00,2752,Tuesday,31.3,10.7,clear-day
2024-03-26,09:00 - 10:00,2315,Tuesday,31.3,10.7,clear-day
2024-03-26,10:00 - 11:00,4072,Tuesday,31.3,10.7,clear-day
2024-03-26,11:00 - 12:00,1515,Tuesday,31.3,10.7,clear-day
2024-03-26,12:00 - 13:00,911,Tuesday,31.3,10.7,clear-day
2024-03-26,13:00 - 14:00,1190,Tuesday,31.3,10.7,clear-day
2024-03-26,14:00 - 15:00,1403,Tuesday,31.3,10.7,clear-day
2024-03-26,15:00 - 16:00,966,Tuesday,31.3,10.7,clear-day
2024-03-26,16:00 - 17:00,1106,Tuesday,31.3,10.7,clear-day
2024-03-26,17:00 - 18:00,2556,Tuesday,31.3,10.7,clear-day
2024-03-26,18:00 - 19:00,3393,Tuesday,31.3,10.7,clear-day
2024-03-26,19:00 - 20:00,3058,Tuesday,31.3,10.7,clear-day
2024-03-26,20:00 - 21:00,2231,Tuesday,31.3,10.7,clear-day
2024-03-26,21:00 - 22:00,1831,Tuesday,31.3,10.7,clear-day
2024-03-26,22:00 - 23:00,390,Tuesday,31.3,10.7,clear-day
2024-03-27,06:00 - 07:00,484,Wednesday,32.3,32.7,partly-cloudy-day
2024-03-27,07:00 - 08:00,1648,Wednesday,32.3,32.7,partly-cloudy-day
2024-03-27,08:00 - 09:00,2756,Wednesday,32.3,32.7,partly-cloudy-day
2024-03-27,09:00 - 10:00,2319,Wednesday,32.3,32.7,partly-cloudy-day
2024-03-27,10:00 - 11:00,4079,Wednesday,32.3,32.7,partly-cloudy-day
2024-03-27,11:00 - 12:00,1518,Wednesday,32.3,32.7,partly-cloudy-day
2024-03-27,12:00 - 13:00,912,Wednesday,32.3,32.7,partly-cloudy-day
2024-03-27,13:00 - 14:00,1192,Wednesday,32.3,32.7,partly-cloudy-day
2024-03-27,14:00 - 15:00,1406,Wednesday,32.3,32.7,partly-cloudy-day
2024-03-27,15:00 - 16:00,968,Wednesday,32.3,32.7,partly-cloudy-day
2024-03-27,16:00 - 17:00,1108,Wednesday,32.3,32.7,partly-cloudy-day
2024-03-27,17:00 - 18:00,2561,Wednesday,32.3,32.7,partly-cloudy-day
2024-03-27,18:00 - 19:00,3399,Wednesday,32.3,32.7,partly-cloudy-day
2024-03-27,19:00 - 20:00,3064,Wednesday,32.3,32.7,partly-cloudy-day
2024-03-27,20:00 - 21:00,2235,Wednesday,32.3,32.7,partly-cloudy-day
2024-03-27,21:00 - 22:00,1834,Wednesday,32.3,32.7,partly-cloudy-day
2024-03-27,22:00 - 23:00,391,Wednesday,32.3,32.7,partly-cloudy-day
2024-03-28,06:00 - 07:00,541,Thursday,32.4,36.2,partly-cloudy-day
2024-03-28,07:00 - 08:00,1842,Thursday,32.4,36.2,partly-cloudy-day
2024-03-28,08:00 - 09:00,3081,Thursday,32.4,36.2,partly-cloudy-day
2024-03-28,09:00 - 10:00,2592,Thursday,32.4,36.2,partly-cloudy-day
2024-03-28,10:00 - 11:00,4560,Thursday,32.4,36.2,partly-cloudy-day
2024-03-28,11:00 - 12:00,1697,Thursday,32.4,36.2,partly-cloudy-day
2024-03-28,12:00 - 13:00,1020,Thursday,32.4,36.2,partly-cloudy-day
2024-03-28,13:00 - 14:00,1332,Thursday,32.4,36.2,partly-cloudy-day
2024-03-28,14:00 - 15:00,1572,Thursday,32.4,36.2,partly-cloudy-day
2024-03-28,15:00 - 16:00,1082,Thursday,32.4,36.2,partly-cloudy-day
2024-03-28,16:00 - 17:00,1239,Thursday,32.4,36.2,partly-cloudy-day
2024-03-28,17:00 - 18:00,2863,Thursday,32.4,36.2,partly-cloudy-day
2024-03-28,18:00 - 19:00,3800,Thursday,32.4,36.2,partly-cloudy-day
2024-03-28,19:00 - 20:00,3425,Thursday,32.4,36.2,partly-cloudy-day
2024-03-28,20:00 - 21:00,2498,Thursday,32.4,36.2,partly-cloudy-day
2024-03-28,21:00 - 22:00,2051,Thursday,32.4,36.2,partly-cloudy-day
2024-03-28,22:00 - 23:00,437,Thursday,32.4,36.2,partly-cloudy-day
2024-03-29,06:00 - 07:00,586,Friday,31.5,29.3,partly-cloudy-day
2024-03-29,07:00 - 08:00,1994,Friday,31.5,29.3,partly-cloudy-day
2024-03-29,08:00 - 09:00,3335,Friday,31.5,29.3,partly-cloudy-day
2024-03-29,09:00 - 10:00,2806,Friday,31.5,29.3,partly-cloudy-day
2024-03-29,10:00 - 11:00,4935,Friday,31.5,29.3,partly-cloudy-day
2024-03-29,11:00 - 12:00,1836,Friday,31.5,29.3,partly-cloudy-day
2024-03-29,12:00 - 13:00,1104,Friday,31.5,29.3,partly-cloudy-day
2024-03-29,13:00 - 14:00,1442,Friday,31.5,29.3,partly-cloudy-day
2024-03-29,14:00 - 15:00,1701,Friday,31.5,29.3,partly-cloudy-day
2024-03-29,15:00 - 16:00,1172,Friday,31.5,29.3,partly-cloudy-day
2024-03-29,16:00 - 17:00,1341,Friday,31.5,29.3,partly-cloudy-day
2024-03-29,17:00 - 18:00,3099,Friday,31.5,29.3,partly-cloudy-day
2024-03-29,18:00 - 19:00,4113,Friday,31.5,29.3,partly-cloudy-day
2024-03-29,19:00 - 20:00,3707,Friday,31.5,29.3,partly-cloudy-day
2024-03-29,20:00 - 21:00,2704,Friday,31.5,29.3,partly-cloudy-day
2024-03-29,21:00 - 22:00,2220,Friday,31.5,29.3,partly-cloudy-day
2024-03-29,22:00 - 23:00,473,Friday,31.5,29.3,partly-cloudy-day
2024-03-30,06:00 - 07:00,399,Saturday,30.2,0.6,clear-day
2024-03-30,07:00 - 08:00,1360,Saturday,30.2,0.6,clear-day
2024-03-30,08:00 - 09:00,2274,Saturday,30.2,0.6,clear-day
2024-03-30,09:00 - 10:00,1913,Saturday,30.2,0.6,clear-day
2024-03-30,10:00 - 11:00,3365,Saturday,30.2,0.6,clear-day
2024-03-30,11:00 - 12:00,1252,Saturday,30.2,0.6,clear-day
2024-03-30,12:00 - 13:00,753,Saturday,30.2,0.6,clear-day
2024-03-30,13:00 - 14:00,983,Saturday,30.2,0.6,clear-day
2024-03-30,14:00 - 15:00,1160,Saturday,30.2,0.6,clear-day
2024-03-30,15:00 - 16:00,799,Saturday,30.2,0.6,clear-day
2024-03-30,16:00 - 17:00,914,Saturday,30.2,0.6,clear-day
2024-03-30,17:00 - 18:00,2113,Saturday,30.2,0.6,clear-day
2024-03-30,18:00 - 19:00,2804,Saturday,30.2,0.6,clear-day
2024-03-30,19:00 - 20:00,2528,Saturday,30.2,0.6,clear-day
2024-03-30,20:00 - 21:00,1844,Saturday,30.2,0.6,clear-day
2024-03-30,21:00 - 22:00,1513,Saturday,30.2,0.6,clear-day
2024-03-30,22:00 - 23:00,322,Saturday,30.2,0.6,clear-day
2024-03-31,06:00 - 07:00,438,Sunday,29.2,35.7,partly-cloudy-day
2024-03-31,07:00 - 08:00,1490,Sunday,29.2,35.7,partly-cloudy-day
2024-03-31,08:00 - 09:00,2493,Sunday,29.2,35.7,partly-cloudy-day
2024-03-31,09:00 - 10:00,2097,Sunday,29.2,35.7,partly-cloudy-day
2024-03-31,10:00 - 11:00,3689,Sunday,29.2,35.7,partly-cloudy-day
2024-03-31,11:00 - 12:00,1373,Sunday,29.2,35.7,partly-cloudy-day
2024-03-31,12:00 - 13:00,825,Sunday,29.2,35.7,partly-cloudy-day
2024-03-31,13:00 - 14:00,1078,Sunday,29.2,35.7,partly-cloudy-day
2024-03-31,14:00 - 15:00,1271,Sunday,29.2,35.7,partly-cloudy-day
2024-03-31,15:00 - 16:00,876,Sunday,29.2,35.7,partly-cloudy-day
2024-03-31,16:00 - 17:00,1002,Sunday,29.2,35.7,partly-cloudy-day
2024-03-31,17:00 - 18:00,2316,Sunday,29.2,35.7,partly-cloudy-day
2024-03-31,18:00 - 19:00,3074,Sunday,29.2,35.7,partly-cloudy-day
2024-03-31,19:00 - 20:00,2771,Sunday,29.2,35.7,partly-cloudy-day
2024-03-31,20:00 - 21:00,2021,Sunday,29.2,35.7,partly-cloudy-day
2024-03-31,21:00 - 22:00,1659,Sunday,29.2,35.7,partly-cloudy-day
2024-03-31,22:00 - 23:00,353,Sunday,29.2,35.7,partly-cloudy-day
2024-04-01,06:00 - 07:00,554,Monday,30.2,92.7,cloudy
2024-04-01,07:00 - 08:00,1888,Monday,30.2,92.7,cloudy
2024-04-01,08:00 - 09:00,3158,Monday,30.2,92.7,cloudy
2024-04-01,09:00 - 10:00,2657,Monday,30.2,92.7,cloudy
2024-04-01,10:00 - 11:00,4673,Monday,30.2,92.7,cloudy
2024-04-01,11:00 - 12:00,1739,Monday,30.2,92.7,cloudy
2024-04-01,12:00 - 13:00,1045,Monday,30.2,92.7,cloudy
2024-04-01,13:00 - 14:00,1365,Monday,30.2,92.7,cloudy
2024-04-01,14:00 - 15:00,1611,Monday,30.2,92.7,cloudy
2024-04-01,15:00 - 16:00,1109,Monday,30.2,92.7,cloudy
2024-04-01,16:00 - 17:00,1269,Monday,30.2,92.7,cloudy
2024-04-01,17:00 - 18:00,2934,Monday,30.2,92.7,cloudy
2024-04-01,18:00 - 19:00,3894,Monday,30.2,92.7,cloudy
2024-04-01,19:00 - 20:00,3510,Monday,30.2,92.7,cloudy
2024-04-01,20:00 - 21:00,2560,Monday,30.2,92.7,cloudy
2024-04-01,21:00 - 22:00,2102,Monday,30.2,92.7,cloudy
2024-04-01,22:00 - 23:00,448,Monday,30.2,92.7,cloudy
2024-04-02,06:00 - 07:00,504,Tuesday,30.2,60.6,partly-cloudy-day
2024-04-02,07:00 - 08:00,1718,Tuesday,30.2,60.6,partly-cloudy-day
2024-04-02,08:00 - 09:00,2873,Tuesday,30.2,60.6,partly-cloudy-day
2024-04-02,09:00 - 10:00,2417,Tuesday,30.2,60.6,partly-cloudy-day
2024-04-02,10:00 - 11:00,4251,Tuesday,30.2,60.6,partly-cloudy-day
2024-04-02,11:00 - 12:00,1582,Tuesday,30.2,60.6,partly-cloudy-day
2024-04-02,12:00 - 13:00,951,Tuesday,30.2,60.6,partly-cloudy-day
2024-04-02,13:00 - 14:00,1242,Tuesday,30.2,60.6,partly-cloudy-day
2024-04-02,14:00 - 15:00,1465,Tuesday,30.2,60.6,partly-cloudy-day
2024-04-02,15:00 - 16:00,1009,Tuesday,30.2,60.6,partly-cloudy-day
2024-04-02,16:00 - 17:00,1155,Tuesday,30.2,60.6,partly-cloudy-day
2024-04-02,17:00 - 18:00,2669,Tuesday,30.2,60.6,partly-cloudy-day
2024-04-02,18:00 - 19:00,3543,Tuesday,30.2,60.6,partly-cloudy-day
2024-04-02,19:00 - 20:00,3193,Tuesday,30.2,60.6,partly-cloudy-day
2024-04-02,20:00 - 21:00,2329,Tuesday,30.2,60.6,partly-cloudy-day
2024-04-02,21:00 - 22:00,1912,Tuesday,30.2,60.6,partly-cloudy-day
2024-04-02,22:00 - 23:00,407,Tuesday,30.2,60.6,partly-cloudy-day
2024-04-03,06:00 - 07:00,502,Wednesday,30.2,29.1,partly-cloudy-day
2024-04-03,07:00 - 08:00,1710,Wednesday,30.2,29.1,partly-cloudy-day
2024-04-03,08:00 - 09:00,2860,Wednesday,30.2,29.1,partly-cloudy-day
2024-04-03,09:00 - 10:00,2406,Wednesday,30.2,29.1,partly-cloudy-day
2024-04-03,10:00 - 11:00,4232,Wednesday,30.2,29.1,partly-cloudy-day
2024-04-03,11:00 - 12:00,1575,Wednesday,30.2,29.1,partly-cloudy-day
2024-04-03,12:00 - 13:00,946,Wednesday,30.2,29.1,partly-cloudy-day
2024-04-03,13:00 - 14:00,1236,Wednesday,30.2,29.1,partly-cloudy-day
2024-04-03,14:00 - 15:00,1459,Wednesday,30.2,29.1,partly-cloudy-day
2024-04-03,15:00 - 16:00,1004,Wednesday,30.2,29.1,partly-cloudy-day
2024-04-03,16:00 - 17:00,1149,Wednesday,30.2,29.1,partly-cloudy-day
2024-04-03,17:00 - 18:00,2657,Wednesday,30.2,29.1,partly-cloudy-day
2024-04-03,18:00 - 19:00,3527,Wednesday,30.2,29.1,partly-cloudy-day
2024-04-03,19:00 - 20:00,3179,Wednesday,30.2,29.1,partly-cloudy-day
2024-04-03,20:00 - 21:00,2319,Wednesday,30.2,29.1,partly-cloudy-day
2024-04-03,21:00 - 22:00,1903,Wednesday,30.2,29.1,partly-cloudy-day
2024-04-03,22:00 - 23:00,405,Wednesday,30.2,29.1,partly-cloudy-day
2024-04-04,06:00 - 07:00,522,Thursday,29.9,41.4,partly-cloudy-day
2024-04-04,07:00 - 08:00,1778,Thursday,29.9,41.4,partly-cloudy-day
2024-04-04,08:00 - 09:00,2973,Thursday,29.9,41.4,partly-cloudy-day
2024-04-04,09:00 - 10:00,2501,Thursday,29.9,41.4,partly-cloudy-day
2024-04-04,10:00 - 11:00,4400,Thursday,29.9,41.4,partly-cloudy-day
2024-04-04,11:00 - 12:00,1637,Thursday,29.9,41.4,partly-cloudy-day
2024-04-04,12:00 - 13:00,984,Thursday,29.9,41.4,partly-cloudy-day
2024-04-04,13:00 - 14:00,1285,Thursday,29.9,41.4,partly-cloudy-day
2024-04-04,14:00 - 15:00,1516,Thursday,29.9,41.4,partly-cloudy-day
2024-04-04,15:00 - 16:00,1044,Thursday,29.9,41.4,partly-cloudy-day
2024-04-04,16:00 - 17:00,1195,Thursday,29.9,41.4,partly-cloudy-day
2024-04-04,17:00 - 18:00,2762,Thursday,29.9,41.4,partly-cloudy-day
2024-04-04,18:00 - 19:00,3666,Thursday,29.9,41.4,partly-cloudy-day
2024-04-04,19:00 - 20:00,3305,Thursday,29.9,41.4,partly-cloudy-day
2024-04-04,20:00 - 21:00,2411,Thursday,29.9,41.4,partly-cloudy-day
2024-04-04,21:00 - 22:00,1979,Thursday,29.9,41.4,partly-cloudy-day
2024-04-04,22:00 - 23:00,421,Thursday,29.9,41.4,partly-cloudy-day
2024-04-05,06:00 - 07:00,378,Friday,30.3,39.8,partly-cloudy-day
2024-04-05,07:00 - 08:00,1288,Friday,30.3,39.8,partly-cloudy-day
2024-04-05,08:00 - 09:00,2154,Friday,30.3,39.8,partly-cloudy-day
2024-04-05,09:00 - 10:00,1812,Friday,30.3,39.8,partly-cloudy-day
2024-04-05,10:00 - 11:00,3188,Friday,30.3,39.8,partly-cloudy-day
2024-04-05,11:00 - 12:00,1186,Friday,30.3,39.8,partly-cloudy-day
2024-04-05,12:00 - 13:00,713,Friday,30.3,39.8,partly-cloudy-day
2024-04-05,13:00 - 14:00,931,Friday,30.3,39.8,partly-cloudy-day
2024-04-05,14:00 - 15:00,1099,Friday,30.3,39.8,partly-cloudy-day
2024-04-05,15:00 - 16:00,757,Friday,30.3,39.8,partly-cloudy-day
2024-04-05,16:00 - 17:00,866,Friday,30.3,39.8,partly-cloudy-day
2024-04-05,17:00 - 18:00,2001,Friday,30.3,39.8,partly-cloudy-day
2024-04-05,18:00 - 19:00,2657,Friday,30.3,39.8,partly-cloudy-day
2024-04-05,19:00 - 20:00,2395,Friday,30.3,39.8,partly-cloudy-day
2024-04-05,20:00 - 21:00,1747,Friday,30.3,39.8,partly-cloudy-day
2024-04-05,21:00 - 22:00,1434,Friday,30.3,39.8,partly-cloudy-day
2024-04-05,22:00 - 23:00,305,Friday,30.3,39.8,partly-cloudy-day
2024-04-06,06:00 - 07:00,553,Saturday,30.9,33.8,partly-cloudy-day
2024-04-06,07:00 - 08:00,1884,Saturday,30.9,33.8,partly-cloudy-day
2024-04-06,08:00 - 09:00,3150,Saturday,30.9,33.8,partly-cloudy-day
2024-04-06,09:00 - 10:00,2650,Saturday,30.9,33.8,partly-cloudy-day
2024-04-06,10:00 - 11:00,4662,Saturday,30.9,33.8,partly-cloudy-day
2024-04-06,11:00 - 12:00,1735,Saturday,30.9,33.8,partly-cloudy-day
2024-04-06,12:00 - 13:00,1043,Saturday,30.9,33.8,partly-cloudy-day
2024-04-06,13:00 - 14:00,1362,Saturday,30.9,33.8,partly-cloudy-day
2024-04-06,14:00 - 15:00,1607,Saturday,30.9,33.8,partly-cloudy-day
2024-04-06,15:00 - 16:00,1107,Saturday,30.9,33.8,partly-cloudy-day
2024-04-06,16:00 - 17:00,1266,Saturday,30.9,33.8,partly-cloudy-day
2024-04-06,17:00 - 18:00,2927,Saturday,30.9,33.8,partly-cloudy-day
2024-04-06,18:00 - 19:00,3885,Saturday,30.9,33.8,partly-cloudy-day
2024-04-06,19:00 - 20:00,3502,Saturday,30.9,33.8,partly-cloudy-day
2024-04-06,20:00 - 21:00,2554,Saturday,30.9,33.8,partly-cloudy-day
2024-04-06,21:00 - 22:00,2097,Saturday,30.9,33.8,partly-cloudy-day
2024-04-06,22:00 - 23:00,447,Saturday,30.9,33.8,partly-cloudy-day
2024-04-07,06:00 - 07:00,454,Sunday,30.6,0.3,clear-day
2024-04-07,07:00 - 08:00,1546,Sunday,30.6,0.3,clear-day
2024-04-07,08:00 - 09:00,2585,Sunday,30.6,0.3,clear-day
2024-04-07,09:00 - 10:00,2175,Sunday,30.6,0.3,clear-day
2024-04-07,10:00 - 11:00,3826,Sunday,30.6,0.3,clear-day
2024-04-07,11:00 - 12:00,1423,Sunday,30.6,0.3,clear-day
2024-04-07,12:00 - 13:00,856,Sunday,30.6,0.3,clear-day
2024-04-07,13:00 - 14:00,1118,Sunday,30.6,0.3,clear-day
2024-04-07,14:00 - 15:00,1319,Sunday,30.6,0.3,clear-day
2024-04-07,15:00 - 16:00,908,Sunday,30.6,0.3,clear-day
2024-04-07,16:00 - 17:00,1039,Sunday,30.6,0.3,clear-day
2024-04-07,17:00 - 18:00,2402,Sunday,30.6,0.3,clear-day
2024-04-07,18:00 - 19:00,3188,Sunday,30.6,0.3,clear-day
2024-04-07,19:00 - 20:00,2873,Sunday,30.6,0.3,clear-day
2024-04-07,20:00 - 21:00,2096,Sunday,30.6,0.3,clear-day
2024-04-07,21:00 - 22:00,1720,Sunday,30.6,0.3,clear-day
2024-04-07,22:00 - 23:00,366,Sunday,30.6,0.3,clear-day
2024-04-08,06:00 - 07:00,540,Monday,31.9,0.0,clear-day
2024-04-08,07:00 - 08:00,1840,Monday,31.9,0.0,clear-day
2024-04-08,08:00 - 09:00,3077,Monday,31.9,0.0,clear-day
2024-04-08,09:00 - 10:00,2588,Monday,31.9,0.0,clear-day
2024-04-08,10:00 - 11:00,4553,Monday,31.9,0.0,clear-day
2024-04-08,11:00 - 12:00,1694,Monday,31.9,0.0,clear-day
2024-04-08,12:00 - 13:00,1018,Monday,31.9,0.0,clear-day
2024-04-08,13:00 - 14:00,1330,Monday,31.9,0.0,clear-day
2024-04-08,14:00 - 15:00,1569,Monday,31.9,0.0,clear-day
2024-04-08,15:00 - 16:00,1081,Monday,31.9,0.0,clear-day
2024-04-08,16:00 - 17:00,1237,Monday,31.9,0.0,clear-day
2024-04-08,17:00 - 18:00,2858,Monday,31.9,0.0,clear-day
2024-04-08,18:00 - 19:00,3794,Monday,31.9,0.0,clear-day
2024-04-08,19:00 - 20:00,3420,Monday,31.9,0.0,clear-day
2024-04-08,20:00 - 21:00,2494,Monday,31.9,0.0,clear-day
2024-04-08,21:00 - 22:00,2047,Monday,31.9,0.0,clear-day
2024-04-08,22:00 - 23:00,436,Monday,31.9,0.0,clear-day
2024-04-09,06:00 - 07:00,550,Tuesday,32.2,1.3,clear-day
2024-04-09,07:00 - 08:00,1875,Tuesday,32.2,1.3,clear-day
2024-04-09,08:00 - 09:00,3135,Tuesday,32.2,1.3,clear-day
2024-04-09,09:00 - 10:00,2638,Tuesday,32.2,1.3,clear-day
2024-04-09,10:00 - 11:00,4640,Tuesday,32.2,1.3,clear-day
2024-04-09,11:00 - 12:00,1726,Tuesday,32.2,1.3,clear-day
2024-04-09,12:00 - 13:00,1038,Tuesday,32.2,1.3,clear-day
2024-04-09,13:00 - 14:00,1356,Tuesday,32.2,1.3,clear-day
2024-04-09,14:00 - 15:00,1599,Tuesday,32.2,1.3,clear-day
2024-04-09,15:00 - 16:00,1101,Tuesday,32.2,1.3,clear-day
2024-04-09,16:00 - 17:00,1260,Tuesday,32.2,1.3,clear-day
2024-04-09,17:00 - 18:00,2913,Tuesday,32.2,1.3,clear-day
2024-04-09,18:00 - 19:00,3866,Tuesday,32.2,1.3,clear-day
2024-04-09,19:00 - 20:00,3485,Tuesday,32.2,1.3,clear-day
2024-04-09,20:00 - 21:00,2542,Tuesday,32.2,1.3,clear-day
2024-04-09,21:00 - 22:00,2087,Tuesday,32.2,1.3,clear-day
2024-04-09,22:00 - 23:00,444,Tuesday,32.2,1.3,clear-day
2024-04-10,06:00 - 07:00,424,Wednesday,33.0,36.0,partly-cloudy-day
2024-04-10,07:00 - 08:00,1446,Wednesday,33.0,36.0,partly-cloudy-day
2024-04-10,08:00 - 09:00,2418,Wednesday,33.0,36.0,partly-cloudy-day
2024-04-10,09:00 - 10:00,2034,Wednesday,33.0,36.0,partly-cloudy-day
2024-04-10,10:00 - 11:00,3579,Wednesday,33.0,36.0,partly-cloudy-day
2024-04-10,11:00 - 12:00,1332,Wednesday,33.0,36.0,partly-cloudy-day
2024-04-10,12:00 - 13:00,800,Wednesday,33.0,36.0,partly-cloudy-day
2024-04-10,13:00 - 14:00,1046,Wednesday,33.0,36.0,partly-cloudy-day
2024-04-10,14:00 - 15:00,1233,Wednesday,33.0,36.0,partly-cloudy-day
2024-04-10,15:00 - 16:00,849,Wednesday,33.0,36.0,partly-cloudy-day
2024-04-10,16:00 - 17:00,972,Wednesday,33.0,36.0,partly-cloudy-day
2024-04-10,17:00 - 18:00,2247,Wednesday,33.0,36.0,partly-cloudy-day
2024-04-10,18:00 - 19:00,2982,Wednesday,33.0,36.0,partly-cloudy-day
2024-04-10,19:00 - 20:00,2688,Wednesday,33.0,36.0,partly-cloudy-day
2024-04-10,20:00 - 21:00,1961,Wednesday,33.0,36.0,partly-cloudy-day
2024-04-10,21:00 - 22:00,1609,Wednesday,33.0,36.0,partly-cloudy-day
2024-04-10,22:00 - 23:00,343,Wednesday,33.0,36.0,partly-cloudy-day
2024-04-11,06:00 - 07:00,423,Thursday,32.0,49.6,partly-cloudy-day
2024-04-11,07:00 - 08:00,1441,Thursday,32.0,49.6,partly-cloudy-day
2024-04-11,08:00 - 09:00,2410,Thursday,32.0,49.6,partly-cloudy-day
2024-04-11,09:00 - 10:00,2027,Thursday,32.0,49.6,partly-cloudy-day
2024-04-11,10:00 - 11:00,3567,Thursday,32.0,49.6,partly-cloudy-day
2024-04-11,11:00 - 12:00,1327,Thursday,32.0,49.6,partly-cloudy-day
2024-04-11,12:00 - 13:00,798,Thursday,32.0,49.6,partly-cloudy-day
2024-04-11,13:00 - 14:00,1042,Thursday,32.0,49.6,partly-cloudy-day
2024-04-11,14:00 - 15:00,1229,Thursday,32.0,49.6,partly-cloudy-day
2024-04-11,15:00 - 16:00,846,Thursday,32.0,49.6,partly-cloudy-day
2024-04-11,16:00 - 17:00,969,Thursday,32.0,49.6,partly-cloudy-day
2024-04-11,17:00 - 18:00,2239,Thursday,32.0,49.6,partly-cloudy-day
2024-04-11,18:00 - 19:00,2972,Thursday,32.0,49.6,partly-cloudy-day
2024-04-11,19:00 - 20:00,2679,Thursday,32.0,49.6,partly-cloudy-day
2024-04-11,20:00 - 21:00,1954,Thursday,32.0,49.6,partly-cloudy-day
2024-04-11,21:00 - 22:00,1604,Thursday,32.0,49.6,partly-cloudy-day
2024-04-11,22:00 - 23:00,342,Thursday,32.0,49.6,partly-cloudy-day
2024-04-12,06:00 - 07:00,548,Friday,31.5,7.4,clear-day
2024-04-12,07:00 - 08:00,1867,Friday,31.5,7.4,clear-day
2024-04-12,08:00 - 09:00,3122,Friday,31.5,7.4,clear-day
2024-04-12,09:00 - 10:00,2626,Friday,31.5,7.4,clear-day
2024-04-12,10:00 - 11:00,4620,Friday,31.5,7.4,clear-day
2024-04-12,11:00 - 12:00,1719,Friday,31.5,7.4,clear-day
2024-04-12,12:00 - 13:00,1033,Friday,31.5,7.4,clear-day
2024-04-12,13:00 - 14:00,1350,Friday,31.5,7.4,clear-day
2024-04-12,14:00 - 15:00,1592,Friday,31.5,7.4,clear-day
2024-04-12,15:00 - 16:00,1097,Friday,31.5,7.4,clear-day
2024-04-12,16:00 - 17:00,1255,Friday,31.5,7.4,clear-day
2024-04-12,17:00 - 18:00,2901,Friday,31.5,7.4,clear-day
2024-04-12,18:00 - 19:00,3850,Friday,31.5,7.4,clear-day
2024-04-12,19:00 - 20:00,3470,Friday,31.5,7.4,clear-day
2024-04-12,20:00 - 21:00,2531,Friday,31.5,7.4,clear-day
2024-04-12,21:00 - 22:00,2078,Friday,31.5,7.4,clear-day
2024-04-12,22:00 - 23:00,443,Friday,31.5,7.4,clear-day
2024-04-13,06:00 - 07:00,425,Saturday,30.7,16.0,clear-day
2024-04-13,07:00 - 08:00,1446,Saturday,30.7,16.0,clear-day
2024-04-13,08:00 - 09:00,2419,Saturday,30.7,16.0,clear-day
2024-04-13,09:00 - 10:00,2035,Saturday,30.7,16.0,clear-day
2024-04-13,10:00 - 11:00,3580,Saturday,30.7,16.0,clear-day
2024-04-13,11:00 - 12:00,1332,Saturday,30.7,16.0,clear-day
2024-04-13,12:00 - 13:00,801,Saturday,30.7,16.0,clear-day
2024-04-13,13:00 - 14:00,1046,Saturday,30.7,16.0,clear-day
2024-04-13,14:00 - 15:00,1234,Saturday,30.7,16.0,clear-day
2024-04-13,15:00 - 16:00,850,Saturday,30.7,16.0,clear-day
2024-04-13,16:00 - 17:00,972,Saturday,30.7,16.0,clear-day
2024-04-13,17:00 - 18:00,2247,Saturday,30.7,16.0,clear-day
2024-04-13,18:00 - 19:00,2983,Saturday,30.7,16.0,clear-day
2024-04-13,19:00 - 20:00,2689,Saturday,30.7,16.0,clear-day
2024-04-13,20:00 - 21:00,1961,Saturday,30.7,16.0,clear-day
2024-04-13,21:00 - 22:00,1610,Saturday,30.7,16.0,clear-day
2024-04-13,22:00 - 23:00,343,Saturday,30.7,16.0,clear-day
2024-04-14,06:00 - 07:00,492,Sunday,31.2,54.8,partly-cloudy-day
2024-04-14,07:00 - 08:00,1676,Sunday,31.2,54.8,partly-cloudy-day
2024-04-14,08:00 - 09:00,2804,Sunday,31.2,54.8,partly-cloudy-day
2024-04-14,09:00 - 10:00,2358,Sunday,31.2,54.8,partly-cloudy-day
2024-04-14,10:00 - 11:00,4149,Sunday,31.2,54.8,partly-cloudy-day
2024-04-14,11:00 - 12:00,1544,Sunday,31.2,54.8,partly-cloudy-day
2024-04-14,12:00 - 13:00,928,Sunday,31.2,54.8,partly-cloudy-day
2024-04-14,13:00 - 14:00,1212,Sunday,31.2,54.8,partly-cloudy-day
2024-04-14,14:00 - 15:00,1430,Sunday,31.2,54.8,partly-cloudy-day
2024-04-14,15:00 - 16:00,985,Sunday,31.2,54.8,partly-cloudy-day
2024-04-14,16:00 - 17:00,1127,Sunday,31.2,54.8,partly-cloudy-day
2024-04-14,17:00 - 18:00,2605,Sunday,31.2,54.8,partly-cloudy-day
2024-04-14,18:00 - 19:00,3457,Sunday,31.2,54.8,partly-cloudy-day
2024-04-14,19:00 - 20:00,3116,Sunday,31.2,54.8,partly-cloudy-day
2024-04-14,20:00 - 21:00,2273,Sunday,31.2,54.8,partly-cloudy-day
2024-04-14,21:00 - 22:00,1866,Sunday,31.2,54.8,partly-cloudy-day
2024-04-14,22:00 - 23:00,397,Sunday,31.2,54.8,partly-cloudy-day
2024-04-15,06:00 - 07:00,533,Monday,32.2,26.1,partly-cloudy-day
2024-04-15,07:00 - 08:00,1816,Monday,32.2,26.1,partly-cloudy-day
2024-04-15,08:00 - 09:00,3038,Monday,32.2,26.1,partly-cloudy-day
2024-04-15,09:00 - 10:00,2555,Monday,32.2,26.1,partly-cloudy-day
2024-04-15,10:00 - 11:00,4495,Monday,32.2,26.1,partly-cloudy-day
2024-04-15,11:00 - 12:00,1673,Monday,32.2,26.1,partly-cloudy-day
2024-04-15,12:00 - 13:00,1005,Monday,32.2,26.1,partly-cloudy-day
2024-04-15,13:00 - 14:00,1313,Monday,32.2,26.1,partly-cloudy-day
2024-04-15,14:00 - 15:00,1549,Monday,32.2,26.1,partly-cloudy-day
2024-04-15,15:00 - 16:00,1067,Monday,32.2,26.1,partly-cloudy-day
2024-04-15,16:00 - 17:00,1221,Monday,32.2,26.1,partly-cloudy-day
2024-04-15,17:00 - 18:00,2822,Monday,32.2,26.1,partly-cloudy-day
2024-04-15,18:00 - 19:00,3746,Monday,32.2,26.1,partly-cloudy-day
2024-04-15,19:00 - 20:00,3376,Monday,32.2,26.1,partly-cloudy-day
2024-04-15,20:00 - 21:00,2463,Monday,32.2,26.1,partly-cloudy-day
2024-04-15,21:00 - 22:00,2022,Monday,32.2,26.1,partly-cloudy-day
2024-04-15,22:00 - 23:00,431,Monday,32.2,26.1,partly-cloudy-day
2024-04-16,06:00 - 07:00,498,Tuesday,32.9,16.2,clear-day
2024-04-16,07:00 - 08:00,1696,Tuesday,32.9,16.2,clear-day
2024-04-16,08:00 - 09:00,2836,Tuesday,32.9,16.2,clear-day
2024-04-16,09:00 - 10:00,2386,Tuesday,32.9,16.2,clear-day
2024-04-16,10:00 - 11:00,4197,Tuesday,32.9,16.2,clear-day
2024-04-16,11:00 - 12:00,1562,Tuesday,32.9,16.2,clear-day
2024-04-16,12:00 - 13:00,939,Tuesday,32.9,16.2,clear-day
2024-04-16,13:00 - 14:00,1226,Tuesday,32.9,16.2,clear-day
2024-04-16,14:00 - 15:00,1447,Tuesday,32.9,16.2,clear-day
2024-04-16,15:00 - 16:00,996,Tuesday,32.9,16.2,clear-day
2024-04-16,16:00 - 17:00,1140,Tuesday,32.9,16.2,clear-day
2024-04-16,17:00 - 18:00,2635,Tuesday,32.9,16.2,clear-day
2024-04-16,18:00 - 19:00,3497,Tuesday,32.9,16.2,clear-day
2024-04-16,19:00 - 20:00,3152,Tuesday,32.9,16.2,clear-day
2024-04-16,20:00 - 21:00,2299,Tuesday,32.9,16.2,clear-day
2024-04-16,21:00 - 22:00,1887,Tuesday,32.9,16.2,clear-day
2024-04-16,22:00 - 23:00,402,Tuesday,32.9,16.2,clear-day
2024-04-17,06:00 - 07:00,557,Wednesday,34.0,10.2,clear-day
2024-04-17,07:00 - 08:00,1897,Wednesday,34.0,10.2,clear-day
2024-04-17,08:00 - 09:00,3173,Wednesday,34.0,10.2,clear-day
2024-04-17,09:00 - 10:00,2669,Wednesday,34.0,10.2,clear-day
2024-04-17,10:00 - 11:00,4695,Wednesday,34.0,10.2,clear-day
2024-04-17,11:00 - 12:00,1747,Wednesday,34.0,10.2,clear-day
2024-04-17,12:00 - 13:00,1050,Wednesday,34.0,10.2,clear-day
2024-04-17,13:00 - 14:00,1372,Wednesday,34.0,10.2,clear-day
2024-04-17,14:00 - 15:00,1618,Wednesday,34.0,10.2,clear-day
2024-04-17,15:00 - 16:00,1114,Wednesday,34.0,10.2,clear-day
2024-04-17,16:00 - 17:00,1275,Wednesday,34.0,10.2,clear-day
2024-04-17,17:00 - 18:00,2948,Wednesday,34.0,10.2,clear-day
2024-04-17,18:00 - 19:00,3912,Wednesday,34.0,10.2,clear-day
2024-04-17,19:00 - 20:00,3526,Wednesday,34.0,10.2,clear-day
2024-04-17,20:00 - 21:00,2572,Wednesday,34.0,10.2,clear-day
2024-04-17,21:00 - 22:00,2111,Wednesday,34.0,10.2,clear-day
2024-04-17,22:00 - 23:00,450,Wednesday,34.0,10.2,clear-day
2024-04-18,06:00 - 07:00,513,Thursday,34.5,3.9,clear-day
2024-04-18,07:00 - 08:00,1746,Thursday,34.5,3.9,clear-day
2024-04-18,08:00 - 09:00,2921,Thursday,34.5,3.9,clear-day
2024-04-18,09:00 - 10:00,2457,Thursday,34.5,3.9,clear-day
2024-04-18,10:00 - 11:00,4322,Thursday,34.5,3.9,clear-day
2024-04-18,11:00 - 12:00,1608,Thursday,34.5,3.9,clear-day
2024-04-18,12:00 - 13:00,967,Thursday,34.5,3.9,clear-day
2024-04-18,13:00 - 14:00,1263,Thursday,34.5,3.9,clear-day
2024-04-18,14:00 - 15:00,1490,Thursday,34.5,3.9,clear-day
2024-04-18,15:00 - 16:00,1026,Thursday,34.5,3.9,clear-day
2024-04-18,16:00 - 17:00,1174,Thursday,34.5,3.9,clear-day
2024-04-18,17:00 - 18:00,2713,Thursday,34.5,3.9,clear-day
2024-04-18,18:00 - 19:00,3602,Thursday,34.5,3.9,clear-day
2024-04-18,19:00 - 20:00,3246,Thursday,34.5,3.9,clear-day
2024-04-18,20:00 - 21:00,2368,Thursday,34.5,3.9,clear-day
2024-04-18,21:00 - 22:00,1944,Thursday,34.5,3.9,clear-day
2024-04-18,22:00 - 23:00,414,Thursday,34.5,3.9,clear-day
2024-04-19,06:00 - 07:00,477,Friday,32.6,5.9,clear-day
2024-04-19,07:00 - 08:00,1625,Friday,32.6,5.9,clear-day
2024-04-19,08:00 - 09:00,2717,Friday,32.6,5.9,clear-day
2024-04-19,09:00 - 10:00,2286,Friday,32.6,5.9,clear-day
2024-04-19,10:00 - 11:00,4021,Friday,32.6,5.9,clear-day
2024-04-19,11:00 - 12:00,1496,Friday,32.6,5.9,clear-day
2024-04-19,12:00 - 13:00,899,Friday,32.6,5.9,clear-day
2024-04-19,13:00 - 14:00,1175,Friday,32.6,5.9,clear-day
2024-04-19,14:00 - 15:00,1386,Friday,32.6,5.9,clear-day
2024-04-19,15:00 - 16:00,954,Friday,32.6,5.9,clear-day
2024-04-19,16:00 - 17:00,1092,Friday,32.6,5.9,clear-day
2024-04-19,17:00 - 18:00,2525,Friday,32.6,5.9,clear-day
2024-04-19,18:00 - 19:00,3351,Friday,32.6,5.9,clear-day
2024-04-19,19:00 - 20:00,3020,Friday,32.6,5.9,clear-day
2024-04-19,20:00 - 21:00,2203,Friday,32.6,5.9,clear-day
2024-04-19,21:00 - 22:00,1808,Friday,32.6,5.9,clear-day
2024-04-19,22:00 - 23:00,385,Friday,32.6,5.9,clear-day
2024-04-20,06:00 - 07:00,334,Saturday,30.9,11.6,clear-day
2024-04-20,07:00 - 08:00,1139,Saturday,30.9,11.6,clear-day
2024-04-20,08:00 - 09:00,1904,Saturday,30.9,11.6,clear-day
2024-04-20,09:00 - 10:00,1602,Saturday,30.9,11.6,clear-day
2024-04-20,10:00 - 11:00,2818,Saturday,30.9,11.6,clear-day
2024-04-20,11:00 - 12:00,1048,Saturday,30.9,11.6,clear-day
2024-04-20,12:00 - 13:00,630,Saturday,30.9,11.6,clear-day
2024-04-20,13:00 - 14:00,823,Saturday,30.9,11.6,clear-day
2024-04-20,14:00 - 15:00,971,Saturday,30.9,11.6,clear-day
2024-04-20,15:00 - 16:00,669,Saturday,30.9,11.6,clear-day
2024-04-20,16:00 - 17:00,765,Saturday,30.9,11.6,clear-day
2024-04-20,17:00 - 18:00,1769,Saturday,30.9,11.6,clear-day
2024-04-20,18:00 - 19:00,2348,Saturday,30.9,11.6,clear-day
2024-04-20,19:00 - 20:00,2117,Saturday,30.9,11.6,clear-day
2024-04-20,20:00 - 21:00,1544,Saturday,30.9,11.6,clear-day
2024-04-20,21:00 - 22:00,1267,Saturday,30.9,11.6,clear-day
2024-04-20,22:00 - 23:00,270,Saturday,30.9,11.6,clear-day
2024-04-21,06:00 - 07:00,483,Sunday,30.9,19.7,clear-day
2024-04-21,07:00 - 08:00,1646,Sunday,30.9,19.7,clear-day
2024-04-21,08:00 - 09:00,2753,Sunday,30.9,19.7,clear-day
2024-04-21,09:00 - 10:00,2316,Sunday,30.9,19.7,clear-day
2024-04-21,10:00 - 11:00,4074,Sunday,30.9,19.7,clear-day
2024-04-21,11:00 - 12:00,1516,Sunday,30.9,19.7,clear-day
2024-04-21,12:00 - 13:00,911,Sunday,30.9,19.7,clear-day
2024-04-21,13:00 - 14:00,1190,Sunday,30.9,19.7,clear-day
2024-04-21,14:00 - 15:00,1404,Sunday,30.9,19.7,clear-day
2024-04-21,15:00 - 16:00,967,Sunday,30.9,19.7,clear-day
2024-04-21,16:00 - 17:00,1106,Sunday,30.9,19.7,clear-day
2024-04-21,17:00 - 18:00,2558,Sunday,30.9,19.7,clear-day
2024-04-21,18:00 - 19:00,3395,Sunday,30.9,19.7,clear-day
2024-04-21,19:00 - 20:00,3060,Sunday,30.9,19.7,clear-day
2024-04-21,20:00 - 21:00,2232,Sunday,30.9,19.7,clear-day
2024-04-21,21:00 - 22:00,1832,Sunday,30.9,19.7,clear-day
2024-04-21,22:00 - 23:00,390,Sunday,30.9,19.7,clear-day
2024-04-22,06:00 - 07:00,450,Monday,31.6,0.8,clear-day
2024-04-22,07:00 - 08:00,1532,Monday,31.6,0.8,clear-day
2024-04-22,08:00 - 09:00,2562,Monday,31.6,0.8,clear-day
2024-04-22,09:00 - 10:00,2155,Monday,31.6,0.8,clear-day
2024-04-22,10:00 - 11:00,3792,Monday,31.6,0.8,clear-day
2024-04-22,11:00 - 12:00,1411,Monday,31.6,0.8,clear-day
2024-04-22,12:00 - 13:00,848,Monday,31.6,0.8,clear-day
2024-04-22,13:00 - 14:00,1108,Monday,31.6,0.8,clear-day
2024-04-22,14:00 - 15:00,1307,Monday,31.6,0.8,clear-day
2024-04-22,15:00 - 16:00,900,Monday,31.6,0.8,clear-day
2024-04-22,16:00 - 17:00,1030,Monday,31.6,0.8,clear-day
2024-04-22,17:00 - 18:00,2380,Monday,31.6,0.8,clear-day
2024-04-22,18:00 - 19:00,3160,Monday,31.6,0.8,clear-day
2024-04-22,19:00 - 20:00,2848,Monday,31.6,0.8,clear-day
2024-04-22,20:00 - 21:00,2077,Monday,31.6,0.8,clear-day
2024-04-22,21:00 - 22:00,1705,Monday,31.6,0.8,clear-day
2024-04-22,22:00 - 23:00,363,Monday,31.6,0.8,clear-day
2024-04-23,06:00 - 07:00,458,Tuesday,32.0,0.0,clear-day
2024-04-23,07:00 - 08:00,1559,Tuesday,32.0,0.0,clear-day
2024-04-23,08:00 - 09:00,2607,Tuesday,32.0,0.0,clear-day
2024-04-23,09:00 - 10:00,2193,Tuesday,32.0,0.0,clear-day
2024-04-23,10:00 - 11:00,3858,Tuesday,32.0,0.0,clear-day
2024-04-23,11:00 - 12:00,1436,Tuesday,32.0,0.0,clear-day
2024-04-23,12:00 - 13:00,863,Tuesday,32.0,0.0,clear-day
2024-04-23,13:00 - 14:00,1127,Tuesday,32.0,0.0,clear-day
2024-04-23,14:00 - 15:00,1330,Tuesday,32.0,0.0,clear-day
2024-04-23,15:00 - 16:00,916,Tuesday,32.0,0.0,clear-day
2024-04-23,16:00 - 17:00,1048,Tuesday,32.0,0.0,clear-day
2024-04-23,17:00 - 18:00,2422,Tuesday,32.0,0.0,clear-day
2024-04-23,18:00 - 19:00,3215,Tuesday,32.0,0.0,clear-day
2024-04-23,19:00 - 20:00,2898,Tuesday,32.0,0.0,clear-day
2024-04-23,20:00 - 21:00,2114,Tuesday,32.0,0.0,clear-day
2024-04-23,21:00 - 22:00,1735,Tuesday,32.0,0.0,clear-day
2024-04-23,22:00 - 23:00,370,Tuesday,32.0,0.0,clear-day
2024-04-24,06:00 - 07:00,613,Wednesday,33.1,3.1,clear-day
2024-04-24,07:00 - 08:00,2087,Wednesday,33.1,3.1,clear-day
2024-04-24,08:00 - 09:00,3491,Wednesday,33.1,3.1,clear-day
2024-04-24,09:00 - 10:00,2937,Wednesday,33.1,3.1,clear-day
2024-04-24,10:00 - 11:00,5166,Wednesday,33.1,3.1,clear-day
2024-04-24,11:00 - 12:00,1922,Wednesday,33.1,3.1,clear-day
2024-04-24,12:00 - 13:00,1155,Wednesday,33.1,3.1,clear-day
2024-04-24,13:00 - 14:00,1509,Wednesday,33.1,3.1,clear-day
2024-04-24,14:00 - 15:00,1781,Wednesday,33.1,3.1,clear-day
2024-04-24,15:00 - 16:00,1226,Wednesday,33.1,3.1,clear-day
2024-04-24,16:00 - 17:00,1403,Wednesday,33.1,3.1,clear-day
2024-04-24,17:00 - 18:00,3243,Wednesday,33.1,3.1,clear-day
2024-04-24,18:00 - 19:00,4305,Wednesday,33.1,3.1,clear-day
2024-04-24,19:00 - 20:00,3880,Wednesday,33.1,3.1,clear-day
2024-04-24,20:00 - 21:00,2830,Wednesday,33.1,3.1,clear-day
2024-04-24,21:00 - 22:00,2323,Wednesday,33.1,3.1,clear-day
2024-04-24,22:00 - 23:00,495,Wednesday,33.1,3.1,clear-day
2024-04-25,06:00 - 07:00,579,Thursday,33.5,4.4,clear-day
2024-04-25,07:00 - 08:00,1973,Thursday,33.5,4.4,clear-day
2024-04-25,08:00 - 09:00,3300,Thursday,33.5,4.4,clear-day
2024-04-25,09:00 - 10:00,2776,Thursday,33.5,4.4,clear-day
2024-04-25,10:00 - 11:00,4884,Thursday,33.5,4.4,clear-day
2024-04-25,11:00 - 12:00,1817,Thursday,33.5,4.4,clear-day
2024-04-25,12:00 - 13:00,1092,Thursday,33.5,4.4,clear-day
2024-04-25,13:00 - 14:00,1427,Thursday,33.5,4.4,clear-day
2024-04-25,14:00 - 15:00,1683,Thursday,33.5,4.4,clear-day
2024-04-25,15:00 - 16:00,1159,Thursday,33.5,4.4,clear-day
2024-04-25,16:00 - 17:00,1326,Thursday,33.5,4.4,clear-day
2024-04-25,17:00 - 18:00,3066,Thursday,33.5,4.4,clear-day
2024-04-25,18:00 - 19:00,4070,Thursday,33.5,4.4,clear-day
2024-04-25,19:00 - 20:00,3668,Thursday,33.5,4.4,clear-day
2024-04-25,20:00 - 21:00,2676,Thursday,33.5,4.4,clear-day
2024-04-25,21:00 - 22:00,2196,Thursday,33.5,4.4,clear-day
2024-04-25,22:00 - 23:00,468,Thursday,33.5,4.4,clear-day
2024-04-26,06:00 - 07:00,583,Friday,32.7,14.2,clear-day
2024-04-26,07:00 - 08:00,1986,Friday,32.7,14.2,clear-day
2024-04-26,08:00 - 09:00,3321,Friday,32.7,14.2,clear-day
2024-04-26,09:00 - 10:00,2793,Friday,32.7,14.2,clear-day
2024-04-26,10:00 - 11:00,4914,Friday,32.7,14.2,clear-day
2024-04-26,11:00 - 12:00,1829,Friday,32.7,14.2,clear-day
2024-04-26,12:00 - 13:00,1099,Friday,32.7,14.2,clear-day
2024-04-26,13:00 - 14:00,1436,Friday,32.7,14.2,clear-day
2024-04-26,14:00 - 15:00,1694,Friday,32.7,14.2,clear-day
2024-04-26,15:00 - 16:00,1166,Friday,32.7,14.2,clear-day
2024-04-26,16:00 - 17:00,1335,Friday,32.7,14.2,clear-day
2024-04-26,17:00 - 18:00,3085,Friday,32.7,14.2,clear-day
2024-04-26,18:00 - 19:00,4095,Friday,32.7,14.2,clear-day
2024-04-26,19:00 - 20:00,3691,Friday,32.7,14.2,clear-day
2024-04-26,20:00 - 21:00,2693,Friday,32.7,14.2,clear-day
2024-04-26,21:00 - 22:00,2210,Friday,32.7,14.2,clear-day
2024-04-26,22:00 - 23:00,471,Friday,32.7,14.2,clear-day
2024-04-27,06:00 - 07:00,508,Saturday,32.6,22.7,partly-cloudy-day
2024-04-27,07:00 - 08:00,1731,Saturday,32.6,22.7,partly-cloudy-day
2024-04-27,08:00 - 09:00,2895,Saturday,32.6,22.7,partly-cloudy-day
2024-04-27,09:00 - 10:00,2435,Saturday,32.6,22.7,partly-cloudy-day
2024-04-27,10:00 - 11:00,4284,Saturday,32.6,22.7,partly-cloudy-day
2024-04-27,11:00 - 12:00,1594,Saturday,32.6,22.7,partly-cloudy-day
2024-04-27,12:00 - 13:00,958,Saturday,32.6,22.7,partly-cloudy-day
2024-04-27,13:00 - 14:00,1252,Saturday,32.6,22.7,partly-cloudy-day
2024-04-27,14:00 - 15:00,1477,Saturday,32.6,22.7,partly-cloudy-day
2024-04-27,15:00 - 16:00,1017,Saturday,32.6,22.7,partly-cloudy-day
2024-04-27,16:00 - 17:00,1164,Saturday,32.6,22.7,partly-cloudy-day
2024-04-27,17:00 - 18:00,2690,Saturday,32.6,22.7,partly-cloudy-day
2024-04-27,18:00 - 19:00,3570,Saturday,32.6,22.7,partly-cloudy-day
2024-04-27,19:00 - 20:00,3218,Saturday,32.6,22.7,partly-cloudy-day
2024-04-27,20:00 - 21:00,2347,Saturday,32.6,22.7,partly-cloudy-day
2024-04-27,21:00 - 22:00,1927,Saturday,32.6,22.7,partly-cloudy-day
2024-04-27,22:00 - 23:00,410,Saturday,32.6,22.7,partly-cloudy-day
2024-04-28,06:00 - 07:00,488,Sunday,33.2,14.9,clear-day
2024-04-28,07:00 - 08:00,1662,Sunday,33.2,14.9,clear-day
2024-04-28,08:00 - 09:00,2779,Sunday,33.2,14.9,clear-day
2024-04-28,09:00 - 10:00,2338,Sunday,33.2,14.9,clear-day
2024-04-28,10:00 - 11:00,4113,Sunday,33.2,14.9,clear-day
2024-04-28,11:00 - 12:00,1530,Sunday,33.2,14.9,clear-day
2024-04-28,12:00 - 13:00,920,Sunday,33.2,14.9,clear-day
2024-04-28,13:00 - 14:00,1201,Sunday,33.2,14.9,clear-day
2024-04-28,14:00 - 15:00,1417,Sunday,33.2,14.9,clear-day
2024-04-28,15:00 - 16:00,976,Sunday,33.2,14.9,clear-day
2024-04-28,16:00 - 17:00,1117,Sunday,33.2,14.9,clear-day
2024-04-28,17:00 - 18:00,2582,Sunday,33.2,14.9,clear-day
2024-04-28,18:00 - 19:00,3427,Sunday,33.2,14.9,clear-day
2024-04-28,19:00 - 20:00,3089,Sunday,33.2,14.9,clear-day
2024-04-28,20:00 - 21:00,2253,Sunday,33.2,14.9,clear-day
2024-04-28,21:00 - 22:00,1849,Sunday,33.2,14.9,clear-day
2024-04-28,22:00 - 23:00,394,Sunday,33.2,14.9,clear-day
2024-04-29,06:00 - 07:00,448,Monday,33.6,14.8,clear-day
2024-04-29,07:00 - 08:00,1528,Monday,33.6,14.8,clear-day
2024-04-29,08:00 - 09:00,2555,Monday,33.6,14.8,clear-day
2024-04-29,09:00 - 10:00,2149,Monday,33.6,14.8,clear-day
2024-04-29,10:00 - 11:00,3781,Monday,33.6,14.8,clear-day
2024-04-29,11:00 - 12:00,1407,Monday,33.6,14.8,clear-day
2024-04-29,12:00 - 13:00,846,Monday,33.6,14.8,clear-day
2024-04-29,13:00 - 14:00,1105,Monday,33.6,14.8,clear-day
2024-04-29,14:00 - 15:00,1303,Monday,33.6,14.8,clear-day
2024-04-29,15:00 - 16:00,897,Monday,33.6,14.8,clear-day
2024-04-29,16:00 - 17:00,1027,Monday,33.6,14.8,clear-day
2024-04-29,17:00 - 18:00,2374,Monday,33.6,14.8,clear-day
2024-04-29,18:00 - 19:00,3151,Monday,33.6,14.8,clear-day
2024-04-29,19:00 - 20:00,2840,Monday,33.6,14.8,clear-day
2024-04-29,20:00 - 21:00,2072,Monday,33.6,14.8,clear-day
2024-04-29,21:00 - 22:00,1700,Monday,33.6,14.8,clear-day
2024-04-29,22:00 - 23:00,362,Monday,33.6,14.8,clear-day
2024-04-30,06:00 - 07:00,543,Tuesday,33.0,0.0,clear-day
2024-04-30,07:00 - 08:00,1850,Tuesday,33.0,0.0,clear-day
2024-04-30,08:00 - 09:00,3094,Tuesday,33.0,0.0,clear-day
2024-04-30,09:00 - 10:00,2603,Tuesday,33.0,0.0,clear-day
2024-04-30,10:00 - 11:00,4579,Tuesday,33.0,0.0,clear-day
2024-04-30,11:00 - 12:00,1704,Tuesday,33.0,0.0,clear-day
2024-04-30,12:00 - 13:00,1024,Tuesday,33.0,0.0,clear-day
2024-04-30,13:00 - 14:00,1338,Tuesday,33.0,0.0,clear-day
2024-04-30,14:00 - 15:00,1578,Tuesday,33.0,0.0,clear-day
2024-04-30,15:00 - 16:00,1087,Tuesday,33.0,0.0,clear-day
2024-04-30,16:00 - 17:00,1244,Tuesday,33.0,0.0,clear-day
2024-04-30,17:00 - 18:00,2875,Tuesday,33.0,0.0,clear-day
2024-04-30,18:00 - 19:00,3816,Tuesday,33.0,0.0,clear-day
2024-04-30,19:00 - 20:00,3439,Tuesday,33.0,0.0,clear-day
2024-04-30,20:00 - 21:00,2509,Tuesday,33.0,0.0,clear-day
2024-04-30,21:00 - 22:00,2059,Tuesday,33.0,0.0,clear-day
2024-04-30,22:00 - 23:00,439,Tuesday,33.0,0.0,clear-day
2024-05-01,06:00 - 07:00,528,Wednesday,32.2,4.5,clear-day
2024-05-01,07:00 - 08:00,1799,Wednesday,32.2,4.5,clear-day
2024-05-01,08:00 - 09:00,3008,Wednesday,32.2,4.5,clear-day
2024-05-01,09:00 - 10:00,2531,Wednesday,32.2,4.5,clear-day
2024-05-01,10:00 - 11:00,4452,Wednesday,32.2,4.5,clear-day
2024-05-01,11:00 - 12:00,1656,Wednesday,32.2,4.5,clear-day
2024-05-01,12:00 - 13:00,996,Wednesday,32.2,4.5,clear-day
2024-05-01,13:00 - 14:00,1301,Wednesday,32.2,4.5,clear-day
2024-05-01,14:00 - 15:00,1534,Wednesday,32.2,4.5,clear-day
2024-05-01,15:00 - 16:00,1057,Wednesday,32.2,4.5,clear-day
2024-05-01,16:00 - 17:00,1209,Wednesday,32.2,4.5,clear-day
2024-05-01,17:00 - 18:00,2795,Wednesday,32.2,4.5,clear-day
2024-05-01,18:00 - 19:00,3710,Wednesday,32.2,4.5,clear-day
2024-05-01,19:00 - 20:00,3344,Wednesday,32.2,4.5,clear-day
2024-05-01,20:00 - 21:00,2439,Wednesday,32.2,4.5,clear-day
2024-05-01,21:00 - 22:00,2002,Wednesday,32.2,4.5,clear-day
2024-05-01,22:00 - 23:00,426,Wednesday,32.2,4.5,clear-day
2024-05-02,06:00 - 07:00,473,Thursday,32.4,32.5,partly-cloudy-day
2024-05-02,07:00 - 08:00,1610,Thursday,32.4,32.5,partly-cloudy-day
2024-05-02,08:00 - 09:00,2692,Thursday,32.4,32.5,partly-cloudy-day
2024-05-02,09:00 - 10:00,2265,Thursday,32.4,32.5,partly-cloudy-day
2024-05-02,10:00 - 11:00,3984,Thursday,32.4,32.5,partly-cloudy-day
2024-05-02,11:00 - 12:00,1482,Thursday,32.4,32.5,partly-cloudy-day
2024-05-02,12:00 - 13:00,891,Thursday,32.4,32.5,partly-cloudy-day
2024-05-02,13:00 - 14:00,1164,Thursday,32.4,32.5,partly-cloudy-day
2024-05-02,14:00 - 15:00,1373,Thursday,32.4,32.5,partly-cloudy-day
2024-05-02,15:00 - 16:00,946,Thursday,32.4,32.5,partly-cloudy-day
2024-05-02,16:00 - 17:00,1082,Thursday,32.4,32.5,partly-cloudy-day
2024-05-02,17:00 - 18:00,2501,Thursday,32.4,32.5,partly-cloudy-day
2024-05-02,18:00 - 19:00,3320,Thursday,32.4,32.5,partly-cloudy-day
2024-05-02,19:00 - 20:00,2992,Thursday,32.4,32.5,partly-cloudy-day
2024-05-02,20:00 - 21:00,2183,Thursday,32.4,32.5,partly-cloudy-day
2024-05-02,21:00 - 22:00,1791,Thursday,32.4,32.5,partly-cloudy-day
2024-05-02,22:00 - 23:00,382,Thursday,32.4,32.5,partly-cloudy-day
2024-05-03,06:00 - 07:00,463,Friday,33.0,13.8,clear-day
2024-05-03,07:00 - 08:00,1577,Friday,33.0,13.8,clear-day
2024-05-03,08:00 - 09:00,2638,Friday,33.0,13.8,clear-day
2024-05-03,09:00 - 10:00,2219,Friday,33.0,13.8,clear-day
2024-05-03,10:00 - 11:00,3904,Friday,33.0,13.8,clear-day
2024-05-03,11:00 - 12:00,1453,Friday,33.0,13.8,clear-day
2024-05-03,12:00 - 13:00,873,Friday,33.0,13.8,clear-day
2024-05-03,13:00 - 14:00,1141,Friday,33.0,13.8,clear-day
2024-05-03,14:00 - 15:00,1346,Friday,33.0,13.8,clear-day
2024-05-03,15:00 - 16:00,927,Friday,33.0,13.8,clear-day
2024-05-03,16:00 - 17:00,1060,Friday,33.0,13.8,clear-day
2024-05-03,17:00 - 18:00,2451,Friday,33.0,13.8,clear-day
2024-05-03,18:00 - 19:00,3253,Friday,33.0,13.8,clear-day
2024-05-03,19:00 - 20:00,2932,Friday,33.0,13.8,clear-day
2024-05-03,20:00 - 21:00,2139,Friday,33.0,13.8,clear-day
2024-05-03,21:00 - 22:00,1756,Friday,33.0,13.8,clear-day
2024-05-03,22:00 - 23:00,374,Friday,33.0,13.8,clear-day
2024-05-04,06:00 - 07:00,663,Saturday,34.4,40.8,partly-cloudy-day
2024-05-04,07:00 - 08:00,2258,Saturday,34.4,40.8,partly-cloudy-day
2024-05-04,08:00 - 09:00,3776,Saturday,34.4,40.8,partly-cloudy-day
2024-05-04,09:00 - 10:00,3177,Saturday,34.4,40.8,partly-cloudy-day
2024-05-04,10:00 - 11:00,5588,Saturday,34.4,40.8,partly-cloudy-day
2024-05-04,11:00 - 12:00,2079,Saturday,34.4,40.8,partly-cloudy-day
2024-05-04,12:00 - 13:00,1250,Saturday,34.4,40.8,partly-cloudy-day
2024-05-04,13:00 - 14:00,1633,Saturday,34.4,40.8,partly-cloudy-day
2024-05-04,14:00 - 15:00,1926,Saturday,34.4,40.8,partly-cloudy-day
2024-05-04,15:00 - 16:00,1327,Saturday,34.4,40.8,partly-cloudy-day
2024-05-04,16:00 - 17:00,1518,Saturday,34.4,40.8,partly-cloudy-day
2024-05-04,17:00 - 18:00,3508,Saturday,34.4,40.8,partly-cloudy-day
2024-05-04,18:00 - 19:00,4657,Saturday,34.4,40.8,partly-cloudy-day
2024-05-04,19:00 - 20:00,4197,Saturday,34.4,40.8,partly-cloudy-day
2024-05-04,20:00 - 21:00,3062,Saturday,34.4,40.8,partly-cloudy-day
2024-05-04,21:00 - 22:00,2513,Saturday,34.4,40.8,partly-cloudy-day
2024-05-04,22:00 - 23:00,535,Saturday,34.4,40.8,partly-cloudy-day
2024-05-05,06:00 - 07:00,487,Sunday,33.4,47.1,partly-cloudy-day
2024-05-05,07:00 - 08:00,1660,Sunday,33.4,47.1,partly-cloudy-day
2024-05-05,08:00 - 09:00,2777,Sunday,33.4,47.1,partly-cloudy-day
2024-05-05,09:00 - 10:00,2336,Sunday,33.4,47.1,partly-cloudy-day
2024-05-05,10:00 - 11:00,4110,Sunday,33.4,47.1,partly-cloudy-day
2024-05-05,11:00 - 12:00,1529,Sunday,33.4,47.1,partly-cloudy-day
2024-05-05,12:00 - 13:00,919,Sunday,33.4,47.1,partly-cloudy-day
2024-05-05,13:00 - 14:00,1201,Sunday,33.4,47.1,partly-cloudy-day
2024-05-05,14:00 - 15:00,1417,Sunday,33.4,47.1,partly-cloudy-day
2024-05-05,15:00 - 16:00,975,Sunday,33.4,47.1,partly-cloudy-day
2024-05-05,16:00 - 17:00,1116,Sunday,33.4,47.1,partly-cloudy-day
2024-05-05,17:00 - 18:00,2580,Sunday,33.4,47.1,partly-cloudy-day
2024-05-05,18:00 - 19:00,3425,Sunday,33.4,47.1,partly-cloudy-day
2024-05-05,19:00 - 20:00,3087,Sunday,33.4,47.1,partly-cloudy-day
2024-05-05,20:00 - 21:00,2252,Sunday,33.4,47.1,partly-cloudy-day
2024-05-05,21:00 - 22:00,1848,Sunday,33.4,47.1,partly-cloudy-day
2024-05-05,22:00 - 23:00,394,Sunday,33.4,47.1,partly-cloudy-day
2024-05-06,06:00 - 07:00,451,Monday,33.2,5.0,clear-day
2024-05-06,07:00 - 08:00,1538,Monday,33.2,5.0,clear-day
2024-05-06,08:00 - 09:00,2572,Monday,33.2,5.0,clear-day
2024-05-06,09:00 - 10:00,2163,Monday,33.2,5.0,clear-day
2024-05-06,10:00 - 11:00,3806,Monday,33.2,5.0,clear-day
2024-05-06,11:00 - 12:00,1416,Monday,33.2,5.0,clear-day
2024-05-06,12:00 - 13:00,851,Monday,33.2,5.0,clear-day
2024-05-06,13:00 - 14:00,1112,Monday,33.2,5.0,clear-day
2024-05-06,14:00 - 15:00,1312,Monday,33.2,5.0,clear-day
2024-05-06,15:00 - 16:00,903,Monday,33.2,5.0,clear-day
2024-05-06,16:00 - 17:00,1034,Monday,33.2,5.0,clear-day
2024-05-06,17:00 - 18:00,2389,Monday,33.2,5.0,clear-day
2024-05-06,18:00 - 19:00,3172,Monday,33.2,5.0,clear-day
2024-05-06,19:00 - 20:00,2859,Monday,33.2,5.0,clear-day
2024-05-06,20:00 - 21:00,2085,Monday,33.2,5.0,clear-day
2024-05-06,21:00 - 22:00,1712,Monday,33.2,5.0,clear-day
2024-05-06,22:00 - 23:00,365,Monday,33.2,5.0,clear-day
2024-05-07,06:00 - 07:00,491,Tuesday,34.6,6.0,clear-day
2024-05-07,07:00 - 08:00,1674,Tuesday,34.6,6.0,clear-day
2024-05-07,08:00 - 09:00,2800,Tuesday,34.6,6.0,clear-day
2024-05-07,09:00 - 10:00,2355,Tuesday,34.6,6.0,clear-day
2024-05-07,10:00 - 11:00,4143,Tuesday,34.6,6.0,clear-day
2024-05-07,11:00 - 12:00,1542,Tuesday,34.6,6.0,clear-day
2024-05-07,12:00 - 13:00,927,Tuesday,34.6,6.0,clear-day
2024-05-07,13:00 - 14:00,1211,Tuesday,34.6,6.0,clear-day
2024-05-07,14:00 - 15:00,1428,Tuesday,34.6,6.0,clear-day
2024-05-07,15:00 - 16:00,983,Tuesday,34.6,6.0,clear-day
2024-05-07,16:00 - 17:00,1125,Tuesday,34.6,6.0,clear-day
2024-05-07,17:00 - 18:00,2601,Tuesday,34.6,6.0,clear-day
2024-05-07,18:00 - 19:00,3453,Tuesday,34.6,6.0,clear-day
2024-05-07,19:00 - 20:00,3112,Tuesday,34.6,6.0,clear-day
2024-05-07,20:00 - 21:00,2270,Tuesday,34.6,6.0,clear-day
2024-05-07,21:00 - 22:00,1863,Tuesday,34.6,6.0,clear-day
2024-05-07,22:00 - 23:00,397,Tuesday,34.6,6.0,clear-day
2024-05-08,06:00 - 07:00,423,Wednesday,34.6,9.4,clear-day
2024-05-08,07:00 - 08:00,1442,Wednesday,34.6,9.4,clear-day
2024-05-08,08:00 - 09:00,2411,Wednesday,34.6,9.4,clear-day
2024-05-08,09:00 - 10:00,2028,Wednesday,34.6,9.4,clear-day
2024-05-08,10:00 - 11:00,3568,Wednesday,34.6,9.4,clear-day
2024-05-08,11:00 - 12:00,1328,Wednesday,34.6,9.4,clear-day
2024-05-08,12:00 - 13:00,798,Wednesday,34.6,9.4,clear-day
2024-05-08,13:00 - 14:00,1042,Wednesday,34.6,9.4,clear-day
2024-05-08,14:00 - 15:00,1230,Wednesday,34.6,9.4,clear-day
2024-05-08,15:00 - 16:00,847,Wednesday,34.6,9.4,clear-day
2024-05-08,16:00 - 17:00,969,Wednesday,34.6,9.4,clear-day
2024-05-08,17:00 - 18:00,2240,Wednesday,34.6,9.4,clear-day
2024-05-08,18:00 - 19:00,2973,Wednesday,34.6,9.4,clear-day
2024-05-08,19:00 - 20:00,2680,Wednesday,34.6,9.4,clear-day
2024-05-08,20:00 - 21:00,1955,Wednesday,34.6,9.4,clear-day
2024-05-08,21:00 - 22:00,1605,Wednesday,34.6,9.4,clear-day
2024-05-08,22:00 - 23:00,342,Wednesday,34.6,9.4,clear-day
2024-05-09,06:00 - 07:00,440,Thursday,34.4,13.0,clear-day
2024-05-09,07:00 - 08:00,1500,Thursday,34.4,13.0,clear-day
2024-05-09,08:00 - 09:00,2509,Thursday,34.4,13.0,clear-day
2024-05-09,09:00 - 10:00,2111,Thursday,34.4,13.0,clear-day
2024-05-09,10:00 - 11:00,3713,Thursday,34.4,13.0,clear-day
2024-05-09,11:00 - 12:00,1382,Thursday,34.4,13.0,clear-day
2024-05-09,12:00 - 13:00,830,Thursday,34.4,13.0,clear-day
2024-05-09,13:00 - 14:00,1085,Thursday,34.4,13.0,clear-day
2024-05-09,14:00 - 15:00,1280,Thursday,34.4,13.0,clear-day
2024-05-09,15:00 - 16:00,881,Thursday,34.4,13.0,clear-day
2024-05-09,16:00 - 17:00,1009,Thursday,34.4,13.0,clear-day
2024-05-09,17:00 - 18:00,2331,Thursday,34.4,13.0,clear-day
2024-05-09,18:00 - 19:00,3094,Thursday,34.4,13.0,clear-day
2024-05-09,19:00 - 20:00,2789,Thursday,34.4,13.0,clear-day
2024-05-09,20:00 - 21:00,2034,Thursday,34.4,13.0,clear-day
2024-05-09,21:00 - 22:00,1670,Thursday,34.4,13.0,clear-day
2024-05-09,22:00 - 23:00,356,Thursday,34.4,13.0,clear-day
2024-05-10,06:00 - 07:00,479,Friday,34.0,1.0,clear-day
2024-05-10,07:00 - 08:00,1632,Friday,34.0,1.0,clear-day
2024-05-10,08:00 - 09:00,2729,Friday,34.0,1.0,clear-day
2024-05-10,09:00 - 10:00,2296,Friday,34.0,1.0,clear-day
2024-05-10,10:00 - 11:00,4039,Friday,34.0,1.0,clear-day
2024-05-10,11:00 - 12:00,1503,Friday,34.0,1.0,clear-day
2024-05-10,12:00 - 13:00,903,Friday,34.0,1.0,clear-day
2024-05-10,13:00 - 14:00,1180,Friday,34.0,1.0,clear-day
2024-05-10,14:00 - 15:00,1392,Friday,34.0,1.0,clear-day
2024-05-10,15:00 - 16:00,959,Friday,34.0,1.0,clear-day
2024-05-10,16:00 - 17:00,1097,Friday,34.0,1.0,clear-day
2024-05-10,17:00 - 18:00,2536,Friday,34.0,1.0,clear-day
2024-05-10,18:00 - 19:00,3366,Friday,34.0,1.0,clear-day
2024-05-10,19:00 - 20:00,3034,Friday,34.0,1.0,clear-day
2024-05-10,20:00 - 21:00,2213,Friday,34.0,1.0,clear-day
2024-05-10,21:00 - 22:00,1816,Friday,34.0,1.0,clear-day
2024-05-10,22:00 - 23:00,387,Friday,34.0,1.0,clear-day
2024-05-11,06:00 - 07:00,550,Saturday,34.4,0.4,clear-day
2024-05-11,07:00 - 08:00,1874,Saturday,34.4,0.4,clear-day
2024-05-11,08:00 - 09:00,3135,Saturday,34.4,0.4,clear-day
2024-05-11,09:00 - 10:00,2637,Saturday,34.4,0.4,clear-day
2024-05-11,10:00 - 11:00,4639,Saturday,34.4,0.4,clear-day
2024-05-11,11:00 - 12:00,1726,Saturday,34.4,0.4,clear-day
2024-05-11,12:00 - 13:00,1038,Saturday,34.4,0.4,clear-day
2024-05-11,13:00 - 14:00,1355,Saturday,34.4,0.4,clear-day
2024-05-11,14:00 - 15:00,1599,Saturday,34.4,0.4,clear-day
2024-05-11,15:00 - 16:00,1101,Saturday,34.4,0.4,clear-day
2024-05-11,16:00 - 17:00,1260,Saturday,34.4,0.4,clear-day
2024-05-11,17:00 - 18:00,2912,Saturday,34.4,0.4,clear-day
2024-05-11,18:00 - 19:00,3866,Saturday,34.4,0.4,clear-day
2024-05-11,19:00 - 20:00,3484,Saturday,34.4,0.4,clear-day
2024-05-11,20:00 - 21:00,2542,Saturday,34.4,0.4,clear-day
2024-05-11,21:00 - 22:00,2086,Saturday,34.4,0.4,clear-day
2024-05-11,22:00 - 23:00,444,Saturday,34.4,0.4,clear-day
2024-05-12,06:00 - 07:00,439,Sunday,34.7,12.0,clear-day
2024-05-12,07:00 - 08:00,1494,Sunday,34.7,12.0,clear-day
2024-05-12,08:00 - 09:00,2499,Sunday,34.7,12.0,clear-day
2024-05-12,09:00 - 10:00,2102,Sunday,34.7,12.0,clear-day
2024-05-12,10:00 - 11:00,3699,Sunday,34.7,12.0,clear-day
2024-05-12,11:00 - 12:00,1376,Sunday,34.7,12.0,clear-day
2024-05-12,12:00 - 13:00,827,Sunday,34.7,12.0,clear-day
2024-05-12,13:00 - 14:00,1081,Sunday,34.7,12.0,clear-day
2024-05-12,14:00 - 15:00,1275,Sunday,34.7,12.0,clear-day
2024-05-12,15:00 - 16:00,878,Sunday,34.7,12.0,clear-day
2024-05-12,16:00 - 17:00,1005,Sunday,34.7,12.0,clear-day
2024-05-12,17:00 - 18:00,2322,Sunday,34.7,12.0,clear-day
2024-05-12,18:00 - 19:00,3082,Sunday,34.7,12.0,clear-day
2024-05-12,19:00 - 20:00,2778,Sunday,34.7,12.0,clear-day
2024-05-12,20:00 - 21:00,2026,Sunday,34.7,12.0,clear-day
2024-05-12,21:00 - 22:00,1663,Sunday,34.7,12.0,clear-day
2024-05-12,22:00 - 23:00,354,Sunday,34.7,12.0,clear-day
2024-05-13,06:00 - 07:00,532,Monday,32.3,34.6,rain
2024-05-13,07:00 - 08:00,1812,Monday,32.3,34.6,rain
2024-05-13,08:00 - 09:00,3031,Monday,32.3,34.6,rain
2024-05-13,09:00 - 10:00,2549,Monday,32.3,34.6,rain
2024-05-13,10:00 - 11:00,4485,Monday,32.3,34.6,rain
2024-05-13,11:00 - 12:00,1669,Monday,32.3,34.6,rain
2024-05-13,12:00 - 13:00,1003,Monday,32.3,34.6,rain
2024-05-13,13:00 - 14:00,1310,Monday,32.3,34.6,rain
2024-05-13,14:00 - 15:00,1546,Monday,32.3,34.6,rain
2024-05-13,15:00 - 16:00,1065,Monday,32.3,34.6,rain
2024-05-13,16:00 - 17:00,1218,Monday,32.3,34.6,rain
2024-05-13,17:00 - 18:00,2816,Monday,32.3,34.6,rain
2024-05-13,18:00 - 19:00,3737,Monday,32.3,34.6,rain
2024-05-13,19:00 - 20:00,3369,Monday,32.3,34.6,rain
2024-05-13,20:00 - 21:00,2457,Monday,32.3,34.6,rain
2024-05-13,21:00 - 22:00,2017,Monday,32.3,34.6,rain
2024-05-13,22:00 - 23:00,430,Monday,32.3,34.6,rain
2024-05-14,06:00 - 07:00,484,Tuesday,30.2,49.4,partly-cloudy-day
2024-05-14,07:00 - 08:00,1649,Tuesday,30.2,49.4,partly-cloudy-day
2024-05-14,08:00 - 09:00,2758,Tuesday,30.2,49.4,partly-cloudy-day
2024-05-14,09:00 - 10:00,2320,Tuesday,30.2,49.4,partly-cloudy-day
2024-05-14,10:00 - 11:00,4082,Tuesday,30.2,49.4,partly-cloudy-day
2024-05-14,11:00 - 12:00,1519,Tuesday,30.2,49.4,partly-cloudy-day
2024-05-14,12:00 - 13:00,913,Tuesday,30.2,49.4,partly-cloudy-day
2024-05-14,13:00 - 14:00,1192,Tuesday,30.2,49.4,partly-cloudy-day
2024-05-14,14:00 - 15:00,1407,Tuesday,30.2,49.4,partly-cloudy-day
2024-05-14,15:00 - 16:00,969,Tuesday,30.2,49.4,partly-cloudy-day
2024-05-14,16:00 - 17:00,1109,Tuesday,30.2,49.4,partly-cloudy-day
2024-05-14,17:00 - 18:00,2563,Tuesday,30.2,49.4,partly-cloudy-day
2024-05-14,18:00 - 19:00,3401,Tuesday,30.2,49.4,partly-cloudy-day
2024-05-14,19:00 - 20:00,3066,Tuesday,30.2,49.4,partly-cloudy-day
2024-05-14,20:00 - 21:00,2236,Tuesday,30.2,49.4,partly-cloudy-day
2024-05-14,21:00 - 22:00,1836,Tuesday,30.2,49.4,partly-cloudy-day
2024-05-14,22:00 - 23:00,391,Tuesday,30.2,49.4,partly-cloudy-day
2024-05-15,06:00 - 07:00,520,Wednesday,33.0,40.2,partly-cloudy-day
2024-05-15,07:00 - 08:00,1772,Wednesday,33.0,40.2,partly-cloudy-day
2024-05-15,08:00 - 09:00,2963,Wednesday,33.0,40.2,partly-cloudy-day
2024-05-15,09:00 - 10:00,2493,Wednesday,33.0,40.2,partly-cloudy-day
2024-05-15,10:00 - 11:00,4385,Wednesday,33.0,40.2,partly-cloudy-day
2024-05-15,11:00 - 12:00,1632,Wednesday,33.0,40.2,partly-cloudy-day
2024-05-15,12:00 - 13:00,981,Wednesday,33.0,40.2,partly-cloudy-day
2024-05-15,13:00 - 14:00,1281,Wednesday,33.0,40.2,partly-cloudy-day
2024-05-15,14:00 - 15:00,1511,Wednesday,33.0,40.2,partly-cloudy-day
2024-05-15,15:00 - 16:00,1041,Wednesday,33.0,40.2,partly-cloudy-day
2024-05-15,16:00 - 17:00,1191,Wednesday,33.0,40.2,partly-cloudy-day
2024-05-15,17:00 - 18:00,2753,Wednesday,33.0,40.2,partly-cloudy-day
2024-05-15,18:00 - 19:00,3654,Wednesday,33.0,40.2,partly-cloudy-day
2024-05-15,19:00 - 20:00,3294,Wednesday,33.0,40.2,partly-cloudy-day
2024-05-15,20:00 - 21:00,2403,Wednesday,33.0,40.2,partly-cloudy-day
2024-05-15,21:00 - 22:00,1972,Wednesday,33.0,40.2,partly-cloudy-day
2024-05-15,22:00 - 23:00,420,Wednesday,33.0,40.2,partly-cloudy-day
2024-05-16,06:00 - 07:00,427,Thursday,35.4,29.2,partly-cloudy-day
2024-05-16,07:00 - 08:00,1453,Thursday,35.4,29.2,partly-cloudy-day
2024-05-16,08:00 - 09:00,2430,Thursday,35.4,29.2,partly-cloudy-day
2024-05-16,09:00 - 10:00,2044,Thursday,35.4,29.2,partly-cloudy-day
2024-05-16,10:00 - 11:00,3596,Thursday,35.4,29.2,partly-cloudy-day
2024-05-16,11:00 - 12:00,1338,Thursday,35.4,29.2,partly-cloudy-day
2024-05-16,12:00 - 13:00,804,Thursday,35.4,29.2,partly-cloudy-day
2024-05-16,13:00 - 14:00,1051,Thursday,35.4,29.2,partly-cloudy-day
2024-05-16,14:00 - 15:00,1239,Thursday,35.4,29.2,partly-cloudy-day
2024-05-16,15:00 - 16:00,854,Thursday,35.4,29.2,partly-cloudy-day
2024-05-16,16:00 - 17:00,977,Thursday,35.4,29.2,partly-cloudy-day
2024-05-16,17:00 - 18:00,2258,Thursday,35.4,29.2,partly-cloudy-day
2024-05-16,18:00 - 19:00,2997,Thursday,35.4,29.2,partly-cloudy-day
2024-05-16,19:00 - 20:00,2701,Thursday,35.4,29.2,partly-cloudy-day
2024-05-16,20:00 - 21:00,1970,Thursday,35.4,29.2,partly-cloudy-day
2024-05-16,21:00 - 22:00,1617,Thursday,35.4,29.2,partly-cloudy-day
2024-05-16,22:00 - 23:00,344,Thursday,35.4,29.2,partly-cloudy-day
2024-05-17,06:00 - 07:00,454,Friday,36.1,23.2,partly-cloudy-day
2024-05-17,07:00 - 08:00,1548,Friday,36.1,23.2,partly-cloudy-day
2024-05-17,08:00 - 09:00,2589,Friday,36.1,23.2,partly-cloudy-day
2024-05-17,09:00 - 10:00,2178,Friday,36.1,23.2,partly-cloudy-day
2024-05-17,10:00 - 11:00,3832,Friday,36.1,23.2,partly-cloudy-day
2024-05-17,11:00 - 12:00,1426,Friday,36.1,23.2,partly-cloudy-day
2024-05-17,12:00 - 13:00,857,Friday,36.1,23.2,partly-cloudy-day
2024-05-17,13:00 - 14:00,1119,Friday,36.1,23.2,partly-cloudy-day
2024-05-17,14:00 - 15:00,1321,Friday,36.1,23.2,partly-cloudy-day
2024-05-17,15:00 - 16:00,909,Friday,36.1,23.2,partly-cloudy-day
2024-05-17,16:00 - 17:00,1041,Friday,36.1,23.2,partly-cloudy-day
2024-05-17,17:00 - 18:00,2406,Friday,36.1,23.2,partly-cloudy-day
2024-05-17,18:00 - 19:00,3193,Friday,36.1,23.2,partly-cloudy-day
2024-05-17,19:00 - 20:00,2878,Friday,36.1,23.2,partly-cloudy-day
2024-05-17,20:00 - 21:00,2099,Friday,36.1,23.2,partly-cloudy-day
2024-05-17,21:00 - 22:00,1723,Friday,36.1,23.2,partly-cloudy-day
2024-05-17,22:00 - 23:00,367,Friday,36.1,23.2,partly-cloudy-day
2024-05-18,06:00 - 07:00,390,Saturday,36.7,12.7,clear-day
2024-05-18,07:00 - 08:00,1329,Saturday,36.7,12.7,clear-day
2024-05-18,08:00 - 09:00,2223,Saturday,36.7,12.7,clear-day
2024-05-18,09:00 - 10:00,1870,Saturday,36.7,12.7,clear-day
2024-05-18,10:00 - 11:00,3289,Saturday,36.7,12.7,clear-day
2024-05-18,11:00 - 12:00,1224,Saturday,36.7,12.7,clear-day
2024-05-18,12:00 - 13:00,736,Saturday,36.7,12.7,clear-day
2024-05-18,13:00 - 14:00,961,Saturday,36.7,12.7,clear-day
2024-05-18,14:00 - 15:00,1134,Saturday,36.7,12.7,clear-day
2024-05-18,15:00 - 16:00,781,Saturday,36.7,12.7,clear-day
2024-05-18,16:00 - 17:00,893,Saturday,36.7,12.7,clear-day
2024-05-18,17:00 - 18:00,2065,Saturday,36.7,12.7,clear-day
2024-05-18,18:00 - 19:00,2741,Saturday,36.7,12.7,clear-day
2024-05-18,19:00 - 20:00,2471,Saturday,36.7,12.7,clear-day
2024-05-18,20:00 - 21:00,1802,Saturday,36.7,12.7,clear-day
2024-05-18,21:00 - 22:00,1479,Saturday,36.7,12.7,clear-day
2024-05-18,22:00 - 23:00,315,Saturday,36.7,12.7,clear-day
2024-05-19,06:00 - 07:00,561,Sunday,37.4,25.3,partly-cloudy-day
2024-05-19,07:00 - 08:00,1911,Sunday,37.4,25.3,partly-cloudy-day
2024-05-19,08:00 - 09:00,3197,Sunday,37.4,25.3,partly-cloudy-day
2024-05-19,09:00 - 10:00,2689,Sunday,37.4,25.3,partly-cloudy-day
2024-05-19,10:00 - 11:00,4730,Sunday,37.4,25.3,partly-cloudy-day
2024-05-19,11:00 - 12:00,1760,Sunday,37.4,25.3,partly-cloudy-day
2024-05-19,12:00 - 13:00,1058,Sunday,37.4,25.3,partly-cloudy-day
2024-05-19,13:00 - 14:00,1382,Sunday,37.4,25.3,partly-cloudy-day
2024-05-19,14:00 - 15:00,1630,Sunday,37.4,25.3,partly-cloudy-day
2024-05-19,15:00 - 16:00,1123,Sunday,37.4,25.3,partly-cloudy-day
2024-05-19,16:00 - 17:00,1285,Sunday,37.4,25.3,partly-cloudy-day
2024-05-19,17:00 - 18:00,2970,Sunday,37.4,25.3,partly-cloudy-day
2024-05-19,18:00 - 19:00,3942,Sunday,37.4,25.3,partly-cloudy-day
2024-05-19,19:00 - 20:00,3553,Sunday,37.4,25.3,partly-cloudy-day
2024-05-19,20:00 - 21:00,2592,Sunday,37.4,25.3,partly-cloudy-day
2024-05-19,21:00 - 22:00,2127,Sunday,37.4,25.3,partly-cloudy-day
2024-05-19,22:00 - 23:00,453,Sunday,37.4,25.3,partly-cloudy-day
2024-05-20,06:00 - 07:00,416,Monday,37.2,17.6,clear-day
2024-05-20,07:00 - 08:00,1417,Monday,37.2,17.6,clear-day
2024-05-20,08:00 - 09:00,2370,Monday,37.2,17.6,clear-day
2024-05-20,09:00 - 10:00,1994,Monday,37.2,17.6,clear-day
2024-05-20,10:00 - 11:00,3508,Monday,37.2,17.6,clear-day
2024-05-20,11:00 - 12:00,1305,Monday,37.2,17.6,clear-day
2024-05-20,12:00 - 13:00,784,Monday,37.2,17.6,clear-day
2024-05-20,13:00 - 14:00,1025,Monday,37.2,17.6,clear-day
2024-05-20,14:00 - 15:00,1209,Monday,37.2,17.6,clear-day
2024-05-20,15:00 - 16:00,832,Monday,37.2,17.6,clear-day
2024-05-20,16:00 - 17:00,953,Monday,37.2,17.6,clear-day
2024-05-20,17:00 - 18:00,2202,Monday,37.2,17.6,clear-day
2024-05-20,18:00 - 19:00,2923,Monday,37.2,17.6,clear-day
2024-05-20,19:00 - 20:00,2635,Monday,37.2,17.6,clear-day
2024-05-20,20:00 - 21:00,1922,Monday,37.2,17.6,clear-day
2024-05-20,21:00 - 22:00,1577,Monday,37.2,17.6,clear-day
2024-05-20,22:00 - 23:00,336,Monday,37.2,17.6,clear-day
2024-05-21,06:00 - 07:00,507,Tuesday,37.2,30.9,partly-cloudy-day
2024-05-21,07:00 - 08:00,1728,Tuesday,37.2,30.9,partly-cloudy-day
2024-05-21,08:00 - 09:00,2890,Tuesday,37.2,30.9,partly-cloudy-day
2024-05-21,09:00 - 10:00,2431,Tuesday,37.2,30.9,partly-cloudy-day
2024-05-21,10:00 - 11:00,4277,Tuesday,37.2,30.9,partly-cloudy-day
2024-05-21,11:00 - 12:00,1592,Tuesday,37.2,30.9,partly-cloudy-day
2024-05-21,12:00 - 13:00,957,Tuesday,37.2,30.9,partly-cloudy-day
2024-05-21,13:00 - 14:00,1250,Tuesday,37.2,30.9,partly-cloudy-day
2024-05-21,14:00 - 15:00,1474,Tuesday,37.2,30.9,partly-cloudy-day
2024-05-21,15:00 - 16:00,1015,Tuesday,37.2,30.9,partly-cloudy-day
2024-05-21,16:00 - 17:00,1162,Tuesday,37.2,30.9,partly-cloudy-day
2024-05-21,17:00 - 18:00,2685,Tuesday,37.2,30.9,partly-cloudy-day
2024-05-21,18:00 - 19:00,3564,Tuesday,37.2,30.9,partly-cloudy-day
2024-05-21,19:00 - 20:00,3213,Tuesday,37.2,30.9,partly-cloudy-day
2024-05-21,20:00 - 21:00,2344,Tuesday,37.2,30.9,partly-cloudy-day
2024-05-21,21:00 - 22:00,1924,Tuesday,37.2,30.9,partly-cloudy-day
2024-05-21,22:00 - 23:00,410,Tuesday,37.2,30.9,partly-cloudy-day
2024-05-22,06:00 - 07:00,385,Wednesday,37.3,3.7,clear-day
2024-05-22,07:00 - 08:00,1313,Wednesday,37.3,3.7,clear-day
2024-05-22,08:00 - 09:00,2197,Wednesday,37.3,3.7,clear-day
2024-05-22,09:00 - 10:00,1848,Wednesday,37.3,3.7,clear-day
2024-05-22,10:00 - 11:00,3251,Wednesday,37.3,3.7,clear-day
2024-05-22,11:00 - 12:00,1209,Wednesday,37.3,3.7,clear-day
2024-05-22,12:00 - 13:00,727,Wednesday,37.3,3.7,clear-day
2024-05-22,13:00 - 14:00,950,Wednesday,37.3,3.7,clear-day
2024-05-22,14:00 - 15:00,1120,Wednesday,37.3,3.7,clear-day
2024-05-22,15:00 - 16:00,771,Wednesday,37.3,3.7,clear-day
2024-05-22,16:00 - 17:00,883,Wednesday,37.3,3.7,clear-day
2024-05-22,17:00 - 18:00,2041,Wednesday,37.3,3.7,clear-day
2024-05-22,18:00 - 19:00,2709,Wednesday,37.3,3.7,clear-day
2024-05-22,19:00 - 20:00,2441,Wednesday,37.3,3.7,clear-day
2024-05-22,20:00 - 21:00,1781,Wednesday,37.3,3.7,clear-day
2024-05-22,21:00 - 22:00,1462,Wednesday,37.3,3.7,clear-day
2024-05-22,22:00 - 23:00,311,Wednesday,37.3,3.7,clear-day
2024-05-23,06:00 - 07:00,432,Thursday,37.7,0.7,clear-day
2024-05-23,07:00 - 08:00,1472,Thursday,37.7,0.7,clear-day
2024-05-23,08:00 - 09:00,2462,Thursday,37.7,0.7,clear-day
2024-05-23,09:00 - 10:00,2071,Thursday,37.7,0.7,clear-day
2024-05-23,10:00 - 11:00,3644,Thursday,37.7,0.7,clear-day
2024-05-23,11:00 - 12:00,1356,Thursday,37.7,0.7,clear-day
2024-05-23,12:00 - 13:00,815,Thursday,37.7,0.7,clear-day
2024-05-23,13:00 - 14:00,1064,Thursday,37.7,0.7,clear-day
2024-05-23,14:00 - 15:00,1256,Thursday,37.7,0.7,clear-day
2024-05-23,15:00 - 16:00,865,Thursday,37.7,0.7,clear-day
2024-05-23,16:00 - 17:00,990,Thursday,37.7,0.7,clear-day
2024-05-23,17:00 - 18:00,2287,Thursday,37.7,0.7,clear-day
2024-05-23,18:00 - 19:00,3036,Thursday,37.7,0.7,clear-day
2024-05-23,19:00 - 20:00,2737,Thursday,37.7,0.7,clear-day
2024-05-23,20:00 - 21:00,1996,Thursday,37.7,0.7,clear-day
2024-05-23,21:00 - 22:00,1639,Thursday,37.7,0.7,clear-day
2024-05-23,22:00 - 23:00,349,Thursday,37.7,0.7,clear-day
2024-05-24,06:00 - 07:00,402,Friday,37.2,1.5,clear-day
2024-05-24,07:00 - 08:00,1370,Friday,37.2,1.5,clear-day
2024-05-24,08:00 - 09:00,2291,Friday,37.2,1.5,clear-day
2024-05-24,09:00 - 10:00,1927,Friday,37.2,1.5,clear-day
2024-05-24,10:00 - 11:00,3391,Friday,37.2,1.5,clear-day
2024-05-24,11:00 - 12:00,1262,Friday,37.2,1.5,clear-day
2024-05-24,12:00 - 13:00,758,Friday,37.2,1.5,clear-day
2024-05-24,13:00 - 14:00,991,Friday,37.2,1.5,clear-day
2024-05-24,14:00 - 15:00,1169,Friday,37.2,1.5,clear-day
2024-05-24,15:00 - 16:00,805,Friday,37.2,1.5,clear-day
2024-05-24,16:00 - 17:00,921,Friday,37.2,1.5,clear-day
2024-05-24,17:00 - 18:00,2129,Friday,37.2,1.5,clear-day
2024-05-24,18:00 - 19:00,2826,Friday,37.2,1.5,clear-day
2024-05-24,19:00 - 20:00,2547,Friday,37.2,1.5,clear-day
2024-05-24,20:00 - 21:00,1858,Friday,37.2,1.5,clear-day
2024-05-24,21:00 - 22:00,1525,Friday,37.2,1.5,clear-day
2024-05-24,22:00 - 23:00,325,Friday,37.2,1.5,clear-day
2024-05-25,06:00 - 07:00,491,Saturday,35.9,18.0,clear-day
2024-05-25,07:00 - 08:00,1672,Saturday,35.9,18.0,clear-day
2024-05-25,08:00 - 09:00,2796,Saturday,35.9,18.0,clear-day
2024-05-25,09:00 - 10:00,2352,Saturday,35.9,18.0,clear-day
2024-05-25,10:00 - 11:00,4138,Saturday,35.9,18.0,clear-day
2024-05-25,11:00 - 12:00,1540,Saturday,35.9,18.0,clear-day
2024-05-25,12:00 - 13:00,925,Saturday,35.9,18.0,clear-day
2024-05-25,13:00 - 14:00,1209,Saturday,35.9,18.0,clear-day
2024-05-25,14:00 - 15:00,1426,Saturday,35.9,18.0,clear-day
2024-05-25,15:00 - 16:00,982,Saturday,35.9,18.0,clear-day
2024-05-25,16:00 - 17:00,1124,Saturday,35.9,18.0,clear-day
2024-05-25,17:00 - 18:00,2598,Saturday,35.9,18.0,clear-day
2024-05-25,18:00 - 19:00,3448,Saturday,35.9,18.0,clear-day
2024-05-25,19:00 - 20:00,3108,Saturday,35.9,18.0,clear-day
2024-05-25,20:00 - 21:00,2267,Saturday,35.9,18.0,clear-day
2024-05-25,21:00 - 22:00,1861,Saturday,35.9,18.0,clear-day
2024-05-25,22:00 - 23:00,396,Saturday,35.9,18.0,clear-day
2024-05-26,06:00 - 07:00,465,Sunday,35.7,18.0,clear-day
2024-05-26,07:00 - 08:00,1585,Sunday,35.7,18.0,clear-day
2024-05-26,08:00 - 09:00,2651,Sunday,35.7,18.0,clear-day
2024-05-26,09:00 - 10:00,2230,Sunday,35.7,18.0,clear-day
2024-05-26,10:00 - 11:00,3922,Sunday,35.7,18.0,clear-day
2024-05-26,11:00 - 12:00,1459,Sunday,35.7,18.0,clear-day
2024-05-26,12:00 - 13:00,877,Sunday,35.7,18.0,clear-day
2024-05-26,13:00 - 14:00,1146,Sunday,35.7,18.0,clear-day
2024-05-26,14:00 - 15:00,1352,Sunday,35.7,18.0,clear-day
2024-05-26,15:00 - 16:00,931,Sunday,35.7,18.0,clear-day
2024-05-26,16:00 - 17:00,1065,Sunday,35.7,18.0,clear-day
2024-05-26,17:00 - 18:00,2462,Sunday,35.7,18.0,clear-day
2024-05-26,18:00 - 19:00,3269,Sunday,35.7,18.0,clear-day
2024-05-26,19:00 - 20:00,2946,Sunday,35.7,18.0,clear-day
2024-05-26,20:00 - 21:00,2149,Sunday,35.7,18.0,clear-day
2024-05-26,21:00 - 22:00,1764,Sunday,35.7,18.0,clear-day
2024-05-26,22:00 - 23:00,376,Sunday,35.7,18.0,clear-day
2024-05-27,06:00 - 07:00,423,Monday,34.9,18.7,clear-day
2024-05-27,07:00 - 08:00,1442,Monday,34.9,18.7,clear-day
2024-05-27,08:00 - 09:00,2411,Monday,34.9,18.7,clear-day
2024-05-27,09:00 - 10:00,2028,Monday,34.9,18.7,clear-day
2024-05-27,10:00 - 11:00,3568,Monday,34.9,18.7,clear-day
2024-05-27,11:00 - 12:00,1328,Monday,34.9,18.7,clear-day
2024-05-27,12:00 - 13:00,798,Monday,34.9,18.7,clear-day
2024-05-27,13:00 - 14:00,1042,Monday,34.9,18.7,clear-day
2024-05-27,14:00 - 15:00,1230,Monday,34.9,18.7,clear-day
2024-05-27,15:00 - 16:00,847,Monday,34.9,18.7,clear-day
2024-05-27,16:00 - 17:00,969,Monday,34.9,18.7,clear-day
2024-05-27,17:00 - 18:00,2240,Monday,34.9,18.7,clear-day
2024-05-27,18:00 - 19:00,2974,Monday,34.9,18.7,clear-day
2024-05-27,19:00 - 20:00,2680,Monday,34.9,18.7,clear-day
2024-05-27,20:00 - 21:00,1955,Monday,34.9,18.7,clear-day
2024-05-27,21:00 - 22:00,1605,Monday,34.9,18.7,clear-day
2024-05-27,22:00 - 23:00,342,Monday,34.9,18.7,clear-day
2024-05-28,06:00 - 07:00,582,Tuesday,34.1,10.7,clear-day
2024-05-28,07:00 - 08:00,1981,Tuesday,34.1,10.7,clear-day
2024-05-28,08:00 - 09:00,3313,Tuesday,34.1,10.7,clear-day
2024-05-28,09:00 - 10:00,2787,Tuesday,34.1,10.7,clear-day
2024-05-28,10:00 - 11:00,4903,Tuesday,34.1,10.7,clear-day
2024-05-28,11:00 - 12:00,1824,Tuesday,34.1,10.7,clear-day
2024-05-28,12:00 - 13:00,1097,Tuesday,34.1,10.7,clear-day
2024-05-28,13:00 - 14:00,1432,Tuesday,34.1,10.7,clear-day
2024-05-28,14:00 - 15:00,1690,Tuesday,34.1,10.7,clear-day
2024-05-28,15:00 - 16:00,1164,Tuesday,34.1,10.7,clear-day
2024-05-28,16:00 - 17:00,1332,Tuesday,34.1,10.7,clear-day
2024-05-28,17:00 - 18:00,3078,Tuesday,34.1,10.7,clear-day
2024-05-28,18:00 - 19:00,4086,Tuesday,34.1,10.7,clear-day
2024-05-28,19:00 - 20:00,3683,Tuesday,34.1,10.7,clear-day
2024-05-28,20:00 - 21:00,2686,Tuesday,34.1,10.7,clear-day
2024-05-28,21:00 - 22:00,2205,Tuesday,34.1,10.7,clear-day
2024-05-28,22:00 - 23:00,470,Tuesday,34.1,10.7,clear-day
2024-05-29,06:00 - 07:00,609,Wednesday,33.8,22.5,partly-cloudy-day
2024-05-29,07:00 - 08:00,2075,Wednesday,33.8,22.5,partly-cloudy-day
2024-05-29,08:00 - 09:00,3471,Wednesday,33.8,22.5,partly-cloudy-day
2024-05-29,09:00 - 10:00,2920,Wednesday,33.8,22.5,partly-cloudy-day
2024-05-29,10:00 - 11:00,5136,Wednesday,33.8,22.5,partly-cloudy-day
2024-05-29,11:00 - 12:00,1911,Wednesday,33.8,22.5,partly-cloudy-day
2024-05-29,12:00 - 13:00,1149,Wednesday,33.8,22.5,partly-cloudy-day
2024-05-29,13:00 - 14:00,1501,Wednesday,33.8,22.5,partly-cloudy-day
2024-05-29,14:00 - 15:00,1770,Wednesday,33.8,22.5,partly-cloudy-day
2024-05-29,15:00 - 16:00,1219,Wednesday,33.8,22.5,partly-cloudy-day
2024-05-29,16:00 - 17:00,1395,Wednesday,33.8,22.5,partly-cloudy-day
2024-05-29,17:00 - 18:00,3225,Wednesday,33.8,22.5,partly-cloudy-day
2024-05-29,18:00 - 19:00,4280,Wednesday,33.8,22.5,partly-cloudy-day
2024-05-29,19:00 - 20:00,3858,Wednesday,33.8,22.5,partly-cloudy-day
2024-05-29,20:00 - 21:00,2814,Wednesday,33.8,22.5,partly-cloudy-day
2024-05-29,21:00 - 22:00,2310,Wednesday,33.8,22.5,partly-cloudy-day
2024-05-29,22:00 - 23:00,492,Wednesday,33.8,22.5,partly-cloudy-day
2024-05-30,06:00 - 07:00,506,Thursday,34.0,17.9,clear-day
2024-05-30,07:00 - 08:00,1725,Thursday,34.0,17.9,clear-day
2024-05-30,08:00 - 09:00,2885,Thursday,34.0,17.9,clear-day
2024-05-30,09:00 - 10:00,2427,Thursday,34.0,17.9,clear-day
2024-05-30,10:00 - 11:00,4269,Thursday,34.0,17.9,clear-day
2024-05-30,11:00 - 12:00,1588,Thursday,34.0,17.9,clear-day
2024-05-30,12:00 - 13:00,955,Thursday,34.0,17.9,clear-day
2024-05-30,13:00 - 14:00,1247,Thursday,34.0,17.9,clear-day
2024-05-30,14:00 - 15:00,1471,Thursday,34.0,17.9,clear-day
2024-05-30,15:00 - 16:00,1013,Thursday,34.0,17.9,clear-day
2024-05-30,16:00 - 17:00,1159,Thursday,34.0,17.9,clear-day
2024-05-30,17:00 - 18:00,2680,Thursday,34.0,17.9,clear-day
2024-05-30,18:00 - 19:00,3557,Thursday,34.0,17.9,clear-day
2024-05-30,19:00 - 20:00,3206,Thursday,34.0,17.9,clear-day
2024-05-30,20:00 - 21:00,2339,Thursday,34.0,17.9,clear-day
2024-05-30,21:00 - 22:00,1920,Thursday,34.0,17.9,clear-day
2024-05-30,22:00 - 23:00,409,Thursday,34.0,17.9,clear-day
2024-05-31,06:00 - 07:00,519,Friday,34.1,18.7,clear-day
2024-05-31,07:00 - 08:00,1767,Friday,34.1,18.7,clear-day
2024-05-31,08:00 - 09:00,2955,Friday,34.1,18.7,clear-day
2024-05-31,09:00 - 10:00,2486,Friday,34.1,18.7,clear-day
2024-05-31,10:00 - 11:00,4373,Friday,34.1,18.7,clear-day
2024-05-31,11:00 - 12:00,1627,Friday,34.1,18.7,clear-day
2024-05-31,12:00 - 13:00,978,Friday,34.1,18.7,clear-day
2024-05-31,13:00 - 14:00,1278,Friday,34.1,18.7,clear-day
2024-05-31,14:00 - 15:00,1507,Friday,34.1,18.7,clear-day
2024-05-31,15:00 - 16:00,1038,Friday,34.1,18.7,clear-day
2024-05-31,16:00 - 17:00,1188,Friday,34.1,18.7,clear-day
2024-05-31,17:00 - 18:00,2745,Friday,34.1,18.7,clear-day
2024-05-31,18:00 - 19:00,3644,Friday,34.1,18.7,clear-day
2024-05-31,19:00 - 20:00,3285,Friday,34.1,18.7,clear-day
2024-05-31,20:00 - 21:00,2396,Friday,34.1,18.7,clear-day
2024-05-31,21:00 - 22:00,1967,Friday,34.1,18.7,clear-day
2024-05-31,22:00 - 23:00,419,Friday,34.1,18.7,clear-day
2024-06-01,06:00 - 07:00,577,Saturday,34.1,35.5,partly-cloudy-day
2024-06-01,07:00 - 08:00,1965,Saturday,34.1,35.5,partly-cloudy-day
2024-06-01,08:00 - 09:00,3287,Saturday,34.1,35.5,partly-cloudy-day
2024-06-01,09:00 - 10:00,2765,Saturday,34.1,35.5,partly-cloudy-day
2024-06-01,10:00 - 11:00,4864,Saturday,34.1,35.5,partly-cloudy-day
2024-06-01,11:00 - 12:00,1810,Saturday,34.1,35.5,partly-cloudy-day
2024-06-01,12:00 - 13:00,1088,Saturday,34.1,35.5,partly-cloudy-day
2024-06-01,13:00 - 14:00,1421,Saturday,34.1,35.5,partly-cloudy-day
2024-06-01,14:00 - 15:00,1677,Saturday,34.1,35.5,partly-cloudy-day
2024-06-01,15:00 - 16:00,1155,Saturday,34.1,35.5,partly-cloudy-day
2024-06-01,16:00 - 17:00,1321,Saturday,34.1,35.5,partly-cloudy-day
2024-06-01,17:00 - 18:00,3054,Saturday,34.1,35.5,partly-cloudy-day
2024-06-01,18:00 - 19:00,4054,Saturday,34.1,35.5,partly-cloudy-day
2024-06-01,19:00 - 20:00,3654,Saturday,34.1,35.5,partly-cloudy-day
2024-06-01,20:00 - 21:00,2665,Saturday,34.1,35.5,partly-cloudy-day
2024-06-01,21:00 - 22:00,2188,Saturday,34.1,35.5,partly-cloudy-day
2024-06-01,22:00 - 23:00,466,Saturday,34.1,35.5,partly-cloudy-day
2024-06-02,06:00 - 07:00,500,Sunday,34.2,14.8,clear-day
2024-06-02,07:00 - 08:00,1702,Sunday,34.2,14.8,clear-day
2024-06-02,08:00 - 09:00,2847,Sunday,34.2,14.8,clear-day
2024-06-02,09:00 - 10:00,2395,Sunday,34.2,14.8,clear-day
2024-06-02,10:00 - 11:00,4213,Sunday,34.2,14.8,clear-day
2024-06-02,11:00 - 12:00,1567,Sunday,34.2,14.8,clear-day
2024-06-02,12:00 - 13:00,942,Sunday,34.2,14.8,clear-day
2024-06-02,13:00 - 14:00,1231,Sunday,34.2,14.8,clear-day
2024-06-02,14:00 - 15:00,1452,Sunday,34.2,14.8,clear-day
2024-06-02,15:00 - 16:00,1000,Sunday,34.2,14.8,clear-day
2024-06-02,16:00 - 17:00,1144,Sunday,34.2,14.8,clear-day
2024-06-02,17:00 - 18:00,2645,Sunday,34.2,14.8,clear-day
2024-06-02,18:00 - 19:00,3510,Sunday,34.2,14.8,clear-day
2024-06-02,19:00 - 20:00,3164,Sunday,34.2,14.8,clear-day
2024-06-02,20:00 - 21:00,2308,Sunday,34.2,14.8,clear-day
2024-06-02,21:00 - 22:00,1894,Sunday,34.2,14.8,clear-day
2024-06-02,22:00 - 23:00,403,Sunday,34.2,14.8,clear-day
2024-06-03,06:00 - 07:00,515,Monday,34.5,20.8,partly-cloudy-day
2024-06-03,07:00 - 08:00,1754,Monday,34.5,20.8,partly-cloudy-day
2024-06-03,08:00 - 09:00,2933,Monday,34.5,20.8,partly-cloudy-day
2024-06-03,09:00 - 10:00,2468,Monday,34.5,20.8,partly-cloudy-day
2024-06-03,10:00 - 11:00,4341,Monday,34.5,20.8,partly-cloudy-day
2024-06-03,11:00 - 12:00,1615,Monday,34.5,20.8,partly-cloudy-day
2024-06-03,12:00 - 13:00,971,Monday,34.5,20.8,partly-cloudy-day
2024-06-03,13:00 - 14:00,1268,Monday,34.5,20.8,partly-cloudy-day
2024-06-03,14:00 - 15:00,1496,Monday,34.5,20.8,partly-cloudy-day
2024-06-03,15:00 - 16:00,1030,Monday,34.5,20.8,partly-cloudy-day
2024-06-03,16:00 - 17:00,1179,Monday,34.5,20.8,partly-cloudy-day
2024-06-03,17:00 - 18:00,2725,Monday,34.5,20.8,partly-cloudy-day
2024-06-03,18:00 - 19:00,3617,Monday,34.5,20.8,partly-cloudy-day
2024-06-03,19:00 - 20:00,3260,Monday,34.5,20.8,partly-cloudy-day
2024-06-03,20:00 - 21:00,2378,Monday,34.5,20.8,partly-cloudy-day
2024-06-03,21:00 - 22:00,1952,Monday,34.5,20.8,partly-cloudy-day
2024-06-03,22:00 - 23:00,416,Monday,34.5,20.8,partly-cloudy-day
2024-06-04,06:00 - 07:00,541,Tuesday,34.5,18.1,clear-day
2024-06-04,07:00 - 08:00,1843,Tuesday,34.5,18.1,clear-day
2024-06-04,08:00 - 09:00,3082,Tuesday,34.5,18.1,clear-day
2024-06-04,09:00 - 10:00,2592,Tuesday,34.5,18.1,clear-day
2024-06-04,10:00 - 11:00,4561,Tuesday,34.5,18.1,clear-day
2024-06-04,11:00 - 12:00,1697,Tuesday,34.5,18.1,clear-day
2024-06-04,12:00 - 13:00,1020,Tuesday,34.5,18.1,clear-day
2024-06-04,13:00 - 14:00,1332,Tuesday,34.5,18.1,clear-day
2024-06-04,14:00 - 15:00,1572,Tuesday,34.5,18.1,clear-day
2024-06-04,15:00 - 16:00,1082,Tuesday,34.5,18.1,clear-day
2024-06-04,16:00 - 17:00,1239,Tuesday,34.5,18.1,clear-day
2024-06-04,17:00 - 18:00,2863,Tuesday,34.5,18.1,clear-day
2024-06-04,18:00 - 19:00,3800,Tuesday,34.5,18.1,clear-day
2024-06-04,19:00 - 20:00,3426,Tuesday,34.5,18.1,clear-day
2024-06-04,20:00 - 21:00,2499,Tuesday,34.5,18.1,clear-day
2024-06-04,21:00 - 22:00,2051,Tuesday,34.5,18.1,clear-day
2024-06-04,22:00 - 23:00,437,Tuesday,34.5,18.1,clear-day
2024-06-05,06:00 - 07:00,564,Wednesday,34.2,19.2,clear-day
2024-06-05,07:00 - 08:00,1922,Wednesday,34.2,19.2,clear-day
2024-06-05,08:00 - 09:00,3215,Wednesday,34.2,19.2,clear-day
2024-06-05,09:00 - 10:00,2704,Wednesday,34.2,19.2,clear-day
2024-06-05,10:00 - 11:00,4757,Wednesday,34.2,19.2,clear-day
2024-06-05,11:00 - 12:00,1770,Wednesday,34.2,19.2,clear-day
2024-06-05,12:00 - 13:00,1064,Wednesday,34.2,19.2,clear-day
2024-06-05,13:00 - 14:00,1390,Wednesday,34.2,19.2,clear-day
2024-06-05,14:00 - 15:00,1640,Wednesday,34.2,19.2,clear-day
2024-06-05,15:00 - 16:00,1129,Wednesday,34.2,19.2,clear-day
2024-06-05,16:00 - 17:00,1292,Wednesday,34.2,19.2,clear-day
2024-06-05,17:00 - 18:00,2987,Wednesday,34.2,19.2,clear-day
2024-06-05,18:00 - 19:00,3964,Wednesday,34.2,19.2,clear-day
2024-06-05,19:00 - 20:00,3573,Wednesday,34.2,19.2,clear-day
2024-06-05,20:00 - 21:00,2606,Wednesday,34.2,19.2,clear-day
2024-06-05,21:00 - 22:00,2139,Wednesday,34.2,19.2,clear-day
2024-06-05,22:00 - 23:00,456,Wednesday,34.2,19.2,clear-day
2024-06-06,06:00 - 07:00,547,Thursday,34.3,8.2,clear-day
2024-06-06,07:00 - 08:00,1862,Thursday,34.3,8.2,clear-day
2024-06-06,08:00 - 09:00,3114,Thursday,34.3,8.2,clear-day
2024-06-06,09:00 - 10:00,2619,Thursday,34.3,8.2,clear-day
2024-06-06,10:00 - 11:00,4608,Thursday,34.3,8.2,clear-day
2024-06-06,11:00 - 12:00,1714,Thursday,34.3,8.2,clear-day
2024-06-06,12:00 - 13:00,1031,Thursday,34.3,8.2,clear-day
2024-06-06,13:00 - 14:00,1346,Thursday,34.3,8.2,clear-day
2024-06-06,14:00 - 15:00,1588,Thursday,34.3,8.2,clear-day
2024-06-06,15:00 - 16:00,1094,Thursday,34.3,8.2,clear-day
2024-06-06,16:00 - 17:00,1251,Thursday,34.3,8.2,clear-day
2024-06-06,17:00 - 18:00,2893,Thursday,34.3,8.2,clear-day
2024-06-06,18:00 - 19:00,3840,Thursday,34.3,8.2,clear-day
2024-06-06,19:00 - 20:00,3461,Thursday,34.3,8.2,clear-day
2024-06-06,20:00 - 21:00,2524,Thursday,34.3,8.2,clear-day
2024-06-06,21:00 - 22:00,2072,Thursday,34.3,8.2,clear-day
2024-06-06,22:00 - 23:00,441,Thursday,34.3,8.2,clear-day
2024-06-07,06:00 - 07:00,337,Friday,35.5,2.8,clear-day
2024-06-07,07:00 - 08:00,1149,Friday,35.5,2.8,clear-day
2024-06-07,08:00 - 09:00,1922,Friday,35.5,2.8,clear-day
2024-06-07,09:00 - 10:00,1616,Friday,35.5,2.8,clear-day
2024-06-07,10:00 - 11:00,2844,Friday,35.5,2.8,clear-day
2024-06-07,11:00 - 12:00,1058,Friday,35.5,2.8,clear-day
2024-06-07,12:00 - 13:00,636,Friday,35.5,2.8,clear-day
2024-06-07,13:00 - 14:00,831,Friday,35.5,2.8,clear-day
2024-06-07,14:00 - 15:00,980,Friday,35.5,2.8,clear-day
2024-06-07,15:00 - 16:00,675,Friday,35.5,2.8,clear-day
2024-06-07,16:00 - 17:00,772,Friday,35.5,2.8,clear-day
2024-06-07,17:00 - 18:00,1785,Friday,35.5,2.8,clear-day
2024-06-07,18:00 - 19:00,2370,Friday,35.5,2.8,clear-day
2024-06-07,19:00 - 20:00,2136,Friday,35.5,2.8,clear-day
2024-06-07,20:00 - 21:00,1558,Friday,35.5,2.8,clear-day
2024-06-07,21:00 - 22:00,1279,Friday,35.5,2.8,clear-day
2024-06-07,22:00 - 23:00,272,Friday,35.5,2.8,clear-day
2024-06-08,06:00 - 07:00,559,Saturday,35.2,22.5,partly-cloudy-day
2024-06-08,07:00 - 08:00,1904,Saturday,35.2,22.5,partly-cloudy-day
2024-06-08,08:00 - 09:00,3185,Saturday,35.2,22.5,partly-cloudy-day
2024-06-08,09:00 - 10:00,2679,Saturday,35.2,22.5,partly-cloudy-day
2024-06-08,10:00 - 11:00,4713,Saturday,35.2,22.5,partly-cloudy-day
2024-06-08,11:00 - 12:00,1754,Saturday,35.2,22.5,partly-cloudy-day
2024-06-08,12:00 - 13:00,1054,Saturday,35.2,22.5,partly-cloudy-day
2024-06-08,13:00 - 14:00,1377,Saturday,35.2,22.5,partly-cloudy-day
2024-06-08,14:00 - 15:00,1625,Saturday,35.2,22.5,partly-cloudy-day
2024-06-08,15:00 - 16:00,1119,Saturday,35.2,22.5,partly-cloudy-day
2024-06-08,16:00 - 17:00,1280,Saturday,35.2,22.5,partly-cloudy-day
2024-06-08,17:00 - 18:00,2959,Saturday,35.2,22.5,partly-cloudy-day
2024-06-08,18:00 - 19:00,3928,Saturday,35.2,22.5,partly-cloudy-day
2024-06-08,19:00 - 20:00,3540,Saturday,35.2,22.5,partly-cloudy-day
2024-06-08,20:00 - 21:00,2582,Saturday,35.2,22.5,partly-cloudy-day
2024-06-08,21:00 - 22:00,2120,Saturday,35.2,22.5,partly-cloudy-day
2024-06-08,22:00 - 23:00,452,Saturday,35.2,22.5,partly-cloudy-day
2024-06-09,06:00 - 07:00,482,Sunday,35.4,33.0,rain
2024-06-09,07:00 - 08:00,1640,Sunday,35.4,33.0,rain
2024-06-09,08:00 - 09:00,2743,Sunday,35.4,33.0,rain
2024-06-09,09:00 - 10:00,2308,Sunday,35.4,33.0,rain
2024-06-09,10:00 - 11:00,4060,Sunday,35.4,33.0,rain
2024-06-09,11:00 - 12:00,1511,Sunday,35.4,33.0,rain
2024-06-09,12:00 - 13:00,908,Sunday,35.4,33.0,rain
2024-06-09,13:00 - 14:00,1186,Sunday,35.4,33.0,rain
2024-06-09,14:00 - 15:00,1399,Sunday,35.4,33.0,rain
2024-06-09,15:00 - 16:00,964,Sunday,35.4,33.0,rain
2024-06-09,16:00 - 17:00,1103,Sunday,35.4,33.0,rain
2024-06-09,17:00 - 18:00,2549,Sunday,35.4,33.0,rain
2024-06-09,18:00 - 19:00,3383,Sunday,35.4,33.0,rain
2024-06-09,19:00 - 20:00,3049,Sunday,35.4,33.0,rain
2024-06-09,20:00 - 21:00,2224,Sunday,35.4,33.0,rain
2024-06-09,21:00 - 22:00,1826,Sunday,35.4,33.0,rain
2024-06-09,22:00 - 23:00,389,Sunday,35.4,33.0,rain
2024-06-10,06:00 - 07:00,560,Monday,33.0,75.3,rain
2024-06-10,07:00 - 08:00,1906,Monday,33.0,75.3,rain
2024-06-10,08:00 - 09:00,3188,Monday,33.0,75.3,rain
2024-06-10,09:00 - 10:00,2682,Monday,33.0,75.3,rain
2024-06-10,10:00 - 11:00,4718,Monday,33.0,75.3,rain
2024-06-10,11:00 - 12:00,1756,Monday,33.0,75.3,rain
2024-06-10,12:00 - 13:00,1055,Monday,33.0,75.3,rain
2024-06-10,13:00 - 14:00,1378,Monday,33.0,75.3,rain
2024-06-10,14:00 - 15:00,1626,Monday,33.0,75.3,rain
2024-06-10,15:00 - 16:00,1120,Monday,33.0,75.3,rain
2024-06-10,16:00 - 17:00,1281,Monday,33.0,75.3,rain
2024-06-10,17:00 - 18:00,2962,Monday,33.0,75.3,rain
2024-06-10,18:00 - 19:00,3932,Monday,33.0,75.3,rain
2024-06-10,19:00 - 20:00,3544,Monday,33.0,75.3,rain
2024-06-10,20:00 - 21:00,2585,Monday,33.0,75.3,rain
2024-06-10,21:00 - 22:00,2122,Monday,33.0,75.3,rain
2024-06-10,22:00 - 23:00,452,Monday,33.0,75.3,rain
2024-06-11,06:00 - 07:00,387,Tuesday,32.8,47.3,rain
2024-06-11,07:00 - 08:00,1318,Tuesday,32.8,47.3,rain
2024-06-11,08:00 - 09:00,2204,Tuesday,32.8,47.3,rain
2024-06-11,09:00 - 10:00,1854,Tuesday,32.8,47.3,rain
2024-06-11,10:00 - 11:00,3261,Tuesday,32.8,47.3,rain
2024-06-11,11:00 - 12:00,1213,Tuesday,32.8,47.3,rain
2024-06-11,12:00 - 13:00,729,Tuesday,32.8,47.3,rain
2024-06-11,13:00 - 14:00,953,Tuesday,32.8,47.3,rain
2024-06-11,14:00 - 15:00,1124,Tuesday,32.8,47.3,rain
2024-06-11,15:00 - 16:00,774,Tuesday,32.8,47.3,rain
2024-06-11,16:00 - 17:00,886,Tuesday,32.8,47.3,rain
2024-06-11,17:00 - 18:00,2047,Tuesday,32.8,47.3,rain
2024-06-11,18:00 - 19:00,2718,Tuesday,32.8,47.3,rain
2024-06-11,19:00 - 20:00,2449,Tuesday,32.8,47.3,rain
2024-06-11,20:00 - 21:00,1787,Tuesday,32.8,47.3,rain
2024-06-11,21:00 - 22:00,1466,Tuesday,32.8,47.3,rain
2024-06-11,22:00 - 23:00,312,Tuesday,32.8,47.3,rain
2024-06-12,06:00 - 07:00,433,Wednesday,33.6,34.5,partly-cloudy-day
2024-06-12,07:00 - 08:00,1473,Wednesday,33.6,34.5,partly-cloudy-day
2024-06-12,08:00 - 09:00,2464,Wednesday,33.6,34.5,partly-cloudy-day
2024-06-12,09:00 - 10:00,2073,Wednesday,33.6,34.5,partly-cloudy-day
2024-06-12,10:00 - 11:00,3647,Wednesday,33.6,34.5,partly-cloudy-day
2024-06-12,11:00 - 12:00,1357,Wednesday,33.6,34.5,partly-cloudy-day
2024-06-12,12:00 - 13:00,816,Wednesday,33.6,34.5,partly-cloudy-day
2024-06-12,13:00 - 14:00,1065,Wednesday,33.6,34.5,partly-cloudy-day
2024-06-12,14:00 - 15:00,1257,Wednesday,33.6,34.5,partly-cloudy-day
2024-06-12,15:00 - 16:00,866,Wednesday,33.6,34.5,partly-cloudy-day
2024-06-12,16:00 - 17:00,990,Wednesday,33.6,34.5,partly-cloudy-day
2024-06-12,17:00 - 18:00,2290,Wednesday,33.6,34.5,partly-cloudy-day
2024-06-12,18:00 - 19:00,3039,Wednesday,33.6,34.5,partly-cloudy-day
2024-06-12,19:00 - 20:00,2739,Wednesday,33.6,34.5,partly-cloudy-day
2024-06-12,20:00 - 21:00,1998,Wednesday,33.6,34.5,partly-cloudy-day
2024-06-12,21:00 - 22:00,1640,Wednesday,33.6,34.5,partly-cloudy-day
2024-06-12,22:00 - 23:00,349,Wednesday,33.6,34.5,partly-cloudy-day
2024-06-13,06:00 - 07:00,538,Thursday,33.5,41.5,rain
2024-06-13,07:00 - 08:00,1833,Thursday,33.5,41.5,rain
2024-06-13,08:00 - 09:00,3066,Thursday,33.5,41.5,rain
2024-06-13,09:00 - 10:00,2579,Thursday,33.5,41.5,rain
2024-06-13,10:00 - 11:00,4537,Thursday,33.5,41.5,rain
2024-06-13,11:00 - 12:00,1688,Thursday,33.5,41.5,rain
2024-06-13,12:00 - 13:00,1015,Thursday,33.5,41.5,rain
2024-06-13,13:00 - 14:00,1325,Thursday,33.5,41.5,rain
2024-06-13,14:00 - 15:00,1564,Thursday,33.5,41.5,rain
2024-06-13,15:00 - 16:00,1077,Thursday,33.5,41.5,rain
2024-06-13,16:00 - 17:00,1232,Thursday,33.5,41.5,rain
2024-06-13,17:00 - 18:00,2848,Thursday,33.5,41.5,rain
2024-06-13,18:00 - 19:00,3781,Thursday,33.5,41.5,rain
2024-06-13,19:00 - 20:00,3408,Thursday,33.5,41.5,rain
2024-06-13,20:00 - 21:00,2486,Thursday,33.5,41.5,rain
2024-06-13,21:00 - 22:00,2040,Thursday,33.5,41.5,rain
2024-06-13,22:00 - 23:00,435,Thursday,33.5,41.5,rain
2024-06-14,06:00 - 07:00,376,Friday,32.6,50.0,rain
2024-06-14,07:00 - 08:00,1282,Friday,32.6,50.0,rain
2024-06-14,08:00 - 09:00,2144,Friday,32.6,50.0,rain
2024-06-14,09:00 - 10:00,1803,Friday,32.6,50.0,rain
2024-06-14,10:00 - 11:00,3173,Friday,32.6,50.0,rain
2024-06-14,11:00 - 12:00,1180,Friday,32.6,50.0,rain
2024-06-14,12:00 - 13:00,709,Friday,32.6,50.0,rain
2024-06-14,13:00 - 14:00,927,Friday,32.6,50.0,rain
2024-06-14,14:00 - 15:00,1093,Friday,32.6,50.0,rain
2024-06-14,15:00 - 16:00,753,Friday,32.6,50.0,rain
2024-06-14,16:00 - 17:00,862,Friday,32.6,50.0,rain
2024-06-14,17:00 - 18:00,1992,Friday,32.6,50.0,rain
2024-06-14,18:00 - 19:00,2644,Friday,32.6,50.0,rain
2024-06-14,19:00 - 20:00,2383,Friday,32.6,50.0,rain
2024-06-14,20:00 - 21:00,1738,Friday,32.6,50.0,rain
2024-06-14,21:00 - 22:00,1427,Friday,32.6,50.0,rain
2024-06-14,22:00 - 23:00,304,Friday,32.6,50.0,rain
2024-06-15,06:00 - 07:00,579,Saturday,33.2,44.8,partly-cloudy-day
2024-06-15,07:00 - 08:00,1973,Saturday,33.2,44.8,partly-cloudy-day
2024-06-15,08:00 - 09:00,3300,Saturday,33.2,44.8,partly-cloudy-day
2024-06-15,09:00 - 10:00,2776,Saturday,33.2,44.8,partly-cloudy-day
2024-06-15,10:00 - 11:00,4883,Saturday,33.2,44.8,partly-cloudy-day
2024-06-15,11:00 - 12:00,1817,Saturday,33.2,44.8,partly-cloudy-day
2024-06-15,12:00 - 13:00,1092,Saturday,33.2,44.8,partly-cloudy-day
2024-06-15,13:00 - 14:00,1427,Saturday,33.2,44.8,partly-cloudy-day
2024-06-15,14:00 - 15:00,1683,Saturday,33.2,44.8,partly-cloudy-day
2024-06-15,15:00 - 16:00,1159,Saturday,33.2,44.8,partly-cloudy-day
2024-06-15,16:00 - 17:00,1326,Saturday,33.2,44.8,partly-cloudy-day
2024-06-15,17:00 - 18:00,3066,Saturday,33.2,44.8,partly-cloudy-day
2024-06-15,18:00 - 19:00,4069,Saturday,33.2,44.8,partly-cloudy-day
2024-06-15,19:00 - 20:00,3668,Saturday,33.2,44.8,partly-cloudy-day
2024-06-15,20:00 - 21:00,2676,Saturday,33.2,44.8,partly-cloudy-day
2024-06-15,21:00 - 22:00,2196,Saturday,33.2,44.8,partly-cloudy-day
2024-06-15,22:00 - 23:00,468,Saturday,33.2,44.8,partly-cloudy-day
2024-06-16,06:00 - 07:00,397,Sunday,33.5,37.7,partly-cloudy-day
2024-06-16,07:00 - 08:00,1353,Sunday,33.5,37.7,partly-cloudy-day
2024-06-16,08:00 - 09:00,2262,Sunday,33.5,37.7,partly-cloudy-day
2024-06-16,09:00 - 10:00,1903,Sunday,33.5,37.7,partly-cloudy-day
2024-06-16,10:00 - 11:00,3348,Sunday,33.5,37.7,partly-cloudy-day
2024-06-16,11:00 - 12:00,1246,Sunday,33.5,37.7,partly-cloudy-day
2024-06-16,12:00 - 13:00,749,Sunday,33.5,37.7,partly-cloudy-day
2024-06-16,13:00 - 14:00,978,Sunday,33.5,37.7,partly-cloudy-day
2024-06-16,14:00 - 15:00,1154,Sunday,33.5,37.7,partly-cloudy-day
2024-06-16,15:00 - 16:00,795,Sunday,33.5,37.7,partly-cloudy-day
2024-06-16,16:00 - 17:00,909,Sunday,33.5,37.7,partly-cloudy-day
2024-06-16,17:00 - 18:00,2102,Sunday,33.5,37.7,partly-cloudy-day
2024-06-16,18:00 - 19:00,2790,Sunday,33.5,37.7,partly-cloudy-day
2024-06-16,19:00 - 20:00,2515,Sunday,33.5,37.7,partly-cloudy-day
2024-06-16,20:00 - 21:00,1834,Sunday,33.5,37.7,partly-cloudy-day
2024-06-16,21:00 - 22:00,1506,Sunday,33.5,37.7,partly-cloudy-day
2024-06-16,22:00 - 23:00,321,Sunday,33.5,37.7,partly-cloudy-day
2024-06-17,06:00 - 07:00,574,Monday,34.1,41.1,partly-cloudy-day
2024-06-17,07:00 - 08:00,1955,Monday,34.1,41.1,partly-cloudy-day
2024-06-17,08:00 - 09:00,3269,Monday,34.1,41.1,partly-cloudy-day
2024-06-17,09:00 - 10:00,2750,Monday,34.1,41.1,partly-cloudy-day
2024-06-17,10:00 - 11:00,4838,Monday,34.1,41.1,partly-cloudy-day
2024-06-17,11:00 - 12:00,1800,Monday,34.1,41.1,partly-cloudy-day
2024-06-17,12:00 - 13:00,1082,Monday,34.1,41.1,partly-cloudy-day
2024-06-17,13:00 - 14:00,1413,Monday,34.1,41.1,partly-cloudy-day
2024-06-17,14:00 - 15:00,1667,Monday,34.1,41.1,partly-cloudy-day
2024-06-17,15:00 - 16:00,1148,Monday,34.1,41.1,partly-cloudy-day
2024-06-17,16:00 - 17:00,1314,Monday,34.1,41.1,partly-cloudy-day
2024-06-17,17:00 - 18:00,3037,Monday,34.1,41.1,partly-cloudy-day
2024-06-17,18:00 - 19:00,4031,Monday,34.1,41.1,partly-cloudy-day
2024-06-17,19:00 - 20:00,3634,Monday,34.1,41.1,partly-cloudy-day
2024-06-17,20:00 - 21:00,2651,Monday,34.1,41.1,partly-cloudy-day
2024-06-17,21:00 - 22:00,2176,Monday,34.1,41.1,partly-cloudy-day
2024-06-17,22:00 - 23:00,463,Monday,34.1,41.1,partly-cloudy-day
2024-06-18,06:00 - 07:00,428,Tuesday,33.8,42.6,partly-cloudy-day
2024-06-18,07:00 - 08:00,1457,Tuesday,33.8,42.6,partly-cloudy-day
2024-06-18,08:00 - 09:00,2436,Tuesday,33.8,42.6,partly-cloudy-day
2024-06-18,09:00 - 10:00,2049,Tuesday,33.8,42.6,partly-cloudy-day
2024-06-18,10:00 - 11:00,3605,Tuesday,33.8,42.6,partly-cloudy-day
2024-06-18,11:00 - 12:00,1341,Tuesday,33.8,42.6,partly-cloudy-day
2024-06-18,12:00 - 13:00,806,Tuesday,33.8,42.6,partly-cloudy-day
2024-06-18,13:00 - 14:00,1053,Tuesday,33.8,42.6,partly-cloudy-day
2024-06-18,14:00 - 15:00,1243,Tuesday,33.8,42.6,partly-cloudy-day
2024-06-18,15:00 - 16:00,856,Tuesday,33.8,42.6,partly-cloudy-day
2024-06-18,16:00 - 17:00,979,Tuesday,33.8,42.6,partly-cloudy-day
2024-06-18,17:00 - 18:00,2264,Tuesday,33.8,42.6,partly-cloudy-day
2024-06-18,18:00 - 19:00,3004,Tuesday,33.8,42.6,partly-cloudy-day
2024-06-18,19:00 - 20:00,2708,Tuesday,33.8,42.6,partly-cloudy-day
2024-06-18,20:00 - 21:00,1975,Tuesday,33.8,42.6,partly-cloudy-day
2024-06-18,21:00 - 22:00,1621,Tuesday,33.8,42.6,partly-cloudy-day
2024-06-18,22:00 - 23:00,345,Tuesday,33.8,42.6,partly-cloudy-day
2024-06-19,06:00 - 07:00,400,Wednesday,32.5,52.7,partly-cloudy-day
2024-06-19,07:00 - 08:00,1362,Wednesday,32.5,52.7,partly-cloudy-day
2024-06-19,08:00 - 09:00,2279,Wednesday,32.5,52.7,partly-cloudy-day
2024-06-19,09:00 - 10:00,1917,Wednesday,32.5,52.7,partly-cloudy-day
2024-06-19,10:00 - 11:00,3372,Wednesday,32.5,52.7,partly-cloudy-day
2024-06-19,11:00 - 12:00,1255,Wednesday,32.5,52.7,partly-cloudy-day
2024-06-19,12:00 - 13:00,754,Wednesday,32.5,52.7,partly-cloudy-day
2024-06-19,13:00 - 14:00,985,Wednesday,32.5,52.7,partly-cloudy-day
2024-06-19,14:00 - 15:00,1162,Wednesday,32.5,52.7,partly-cloudy-day
2024-06-19,15:00 - 16:00,800,Wednesday,32.5,52.7,partly-cloudy-day
2024-06-19,16:00 - 17:00,916,Wednesday,32.5,52.7,partly-cloudy-day
2024-06-19,17:00 - 18:00,2117,Wednesday,32.5,52.7,partly-cloudy-day
2024-06-19,18:00 - 19:00,2810,Wednesday,32.5,52.7,partly-cloudy-day
2024-06-19,19:00 - 20:00,2533,Wednesday,32.5,52.7,partly-cloudy-day
2024-06-19,20:00 - 21:00,1848,Wednesday,32.5,52.7,partly-cloudy-day
2024-06-19,21:00 - 22:00,1517,Wednesday,32.5,52.7,partly-cloudy-day
2024-06-19,22:00 - 23:00,323,Wednesday,32.5,52.7,partly-cloudy-day
2024-06-20,06:00 - 07:00,520,Thursday,33.3,51.8,partly-cloudy-day
2024-06-20,07:00 - 08:00,1772,Thursday,33.3,51.8,partly-cloudy-day
2024-06-20,08:00 - 09:00,2963,Thursday,33.3,51.8,partly-cloudy-day
2024-06-20,09:00 - 10:00,2493,Thursday,33.3,51.8,partly-cloudy-day
2024-06-20,10:00 - 11:00,4385,Thursday,33.3,51.8,partly-cloudy-day
2024-06-20,11:00 - 12:00,1632,Thursday,33.3,51.8,partly-cloudy-day
2024-06-20,12:00 - 13:00,981,Thursday,33.3,51.8,partly-cloudy-day
2024-06-20,13:00 - 14:00,1281,Thursday,33.3,51.8,partly-cloudy-day
2024-06-20,14:00 - 15:00,1512,Thursday,33.3,51.8,partly-cloudy-day
2024-06-20,15:00 - 16:00,1041,Thursday,33.3,51.8,partly-cloudy-day
2024-06-20,16:00 - 17:00,1191,Thursday,33.3,51.8,partly-cloudy-day
2024-06-20,17:00 - 18:00,2753,Thursday,33.3,51.8,partly-cloudy-day
2024-06-20,18:00 - 19:00,3654,Thursday,33.3,51.8,partly-cloudy-day
2024-06-20,19:00 - 20:00,3294,Thursday,33.3,51.8,partly-cloudy-day
2024-06-20,20:00 - 21:00,2403,Thursday,33.3,51.8,partly-cloudy-day
2024-06-20,21:00 - 22:00,1972,Thursday,33.3,51.8,partly-cloudy-day
2024-06-20,22:00 - 23:00,420,Thursday,33.3,51.8,partly-cloudy-day
2024-06-21,06:00 - 07:00,515,Friday,33.1,55.4,partly-cloudy-day
2024-06-21,07:00 - 08:00,1755,Friday,33.1,55.4,partly-cloudy-day
2024-06-21,08:00 - 09:00,2935,Friday,33.1,55.4,partly-cloudy-day
2024-06-21,09:00 - 10:00,2469,Friday,33.1,55.4,partly-cloudy-day
2024-06-21,10:00 - 11:00,4343,Friday,33.1,55.4,partly-cloudy-day
2024-06-21,11:00 - 12:00,1616,Friday,33.1,55.4,partly-cloudy-day
2024-06-21,12:00 - 13:00,971,Friday,33.1,55.4,partly-cloudy-day
2024-06-21,13:00 - 14:00,1269,Friday,33.1,55.4,partly-cloudy-day
2024-06-21,14:00 - 15:00,1497,Friday,33.1,55.4,partly-cloudy-day
2024-06-21,15:00 - 16:00,1031,Friday,33.1,55.4,partly-cloudy-day
2024-06-21,16:00 - 17:00,1180,Friday,33.1,55.4,partly-cloudy-day
2024-06-21,17:00 - 18:00,2727,Friday,33.1,55.4,partly-cloudy-day
2024-06-21,18:00 - 19:00,3619,Friday,33.1,55.4,partly-cloudy-day
2024-06-21,19:00 - 20:00,3262,Friday,33.1,55.4,partly-cloudy-day
2024-06-21,20:00 - 21:00,2380,Friday,33.1,55.4,partly-cloudy-day
2024-06-21,21:00 - 22:00,1953,Friday,33.1,55.4,partly-cloudy-day
2024-06-21,22:00 - 23:00,416,Friday,33.1,55.4,partly-cloudy-day
2024-06-22,06:00 - 07:00,462,Saturday,33.3,63.9,partly-cloudy-day
2024-06-22,07:00 - 08:00,1573,Saturday,33.3,63.9,partly-cloudy-day
2024-06-22,08:00 - 09:00,2631,Saturday,33.3,63.9,partly-cloudy-day
2024-06-22,09:00 - 10:00,2214,Saturday,33.3,63.9,partly-cloudy-day
2024-06-22,10:00 - 11:00,3894,Saturday,33.3,63.9,partly-cloudy-day
2024-06-22,11:00 - 12:00,1449,Saturday,33.3,63.9,partly-cloudy-day
2024-06-22,12:00 - 13:00,871,Saturday,33.3,63.9,partly-cloudy-day
2024-06-22,13:00 - 14:00,1138,Saturday,33.3,63.9,partly-cloudy-day
2024-06-22,14:00 - 15:00,1342,Saturday,33.3,63.9,partly-cloudy-day
2024-06-22,15:00 - 16:00,924,Saturday,33.3,63.9,partly-cloudy-day
2024-06-22,16:00 - 17:00,1058,Saturday,33.3,63.9,partly-cloudy-day
2024-06-22,17:00 - 18:00,2445,Saturday,33.3,63.9,partly-cloudy-day
2024-06-22,18:00 - 19:00,3245,Saturday,33.3,63.9,partly-cloudy-day
2024-06-22,19:00 - 20:00,2925,Saturday,33.3,63.9,partly-cloudy-day
2024-06-22,20:00 - 21:00,2133,Saturday,33.3,63.9,partly-cloudy-day
2024-06-22,21:00 - 22:00,1751,Saturday,33.3,63.9,partly-cloudy-day
2024-06-22,22:00 - 23:00,373,Saturday,33.3,63.9,partly-cloudy-day
2024-06-23,06:00 - 07:00,464,Sunday,32.4,68.0,partly-cloudy-day
2024-06-23,07:00 - 08:00,1582,Sunday,32.4,68.0,partly-cloudy-day
2024-06-23,08:00 - 09:00,2646,Sunday,32.4,68.0,partly-cloudy-day
2024-06-23,09:00 - 10:00,2226,Sunday,32.4,68.0,partly-cloudy-day
2024-06-23,10:00 - 11:00,3916,Sunday,32.4,68.0,partly-cloudy-day
2024-06-23,11:00 - 12:00,1457,Sunday,32.4,68.0,partly-cloudy-day
2024-06-23,12:00 - 13:00,876,Sunday,32.4,68.0,partly-cloudy-day
2024-06-23,13:00 - 14:00,1144,Sunday,32.4,68.0,partly-cloudy-day
2024-06-23,14:00 - 15:00,1350,Sunday,32.4,68.0,partly-cloudy-day
2024-06-23,15:00 - 16:00,929,Sunday,32.4,68.0,partly-cloudy-day
2024-06-23,16:00 - 17:00,1064,Sunday,32.4,68.0,partly-cloudy-day
2024-06-23,17:00 - 18:00,2459,Sunday,32.4,68.0,partly-cloudy-day
2024-06-23,18:00 - 19:00,3263,Sunday,32.4,68.0,partly-cloudy-day
2024-06-23,19:00 - 20:00,2941,Sunday,32.4,68.0,partly-cloudy-day
2024-06-23,20:00 - 21:00,2146,Sunday,32.4,68.0,partly-cloudy-day
2024-06-23,21:00 - 22:00,1761,Sunday,32.4,68.0,partly-cloudy-day
2024-06-23,22:00 - 23:00,375,Sunday,32.4,68.0,partly-cloudy-day
2024-06-24,06:00 - 07:00,530,Monday,32.2,71.9,rain
2024-06-24,07:00 - 08:00,1805,Monday,32.2,71.9,rain
2024-06-24,08:00 - 09:00,3018,Monday,32.2,71.9,rain
2024-06-24,09:00 - 10:00,2539,Monday,32.2,71.9,rain
2024-06-24,10:00 - 11:00,4467,Monday,32.2,71.9,rain
2024-06-24,11:00 - 12:00,1662,Monday,32.2,71.9,rain
2024-06-24,12:00 - 13:00,999,Monday,32.2,71.9,rain
2024-06-24,13:00 - 14:00,1305,Monday,32.2,71.9,rain
2024-06-24,14:00 - 15:00,1539,Monday,32.2,71.9,rain
2024-06-24,15:00 - 16:00,1060,Monday,32.2,71.9,rain
2024-06-24,16:00 - 17:00,1213,Monday,32.2,71.9,rain
2024-06-24,17:00 - 18:00,2804,Monday,32.2,71.9,rain
2024-06-24,18:00 - 19:00,3722,Monday,32.2,71.9,rain
2024-06-24,19:00 - 20:00,3355,Monday,32.2,71.9,rain
2024-06-24,20:00 - 21:00,2447,Monday,32.2,71.9,rain
2024-06-24,21:00 - 22:00,2009,Monday,32.2,71.9,rain
2024-06-24,22:00 - 23:00,428,Monday,32.2,71.9,rain
2024-06-25,06:00 - 07:00,419,Tuesday,29.9,81.4,rain
2024-06-25,07:00 - 08:00,1427,Tuesday,29.9,81.4,rain
2024-06-25,08:00 - 09:00,2387,Tuesday,29.9,81.4,rain
2024-06-25,09:00 - 10:00,2008,Tuesday,29.9,81.4,rain
2024-06-25,10:00 - 11:00,3533,Tuesday,29.9,81.4,rain
2024-06-25,11:00 - 12:00,1314,Tuesday,29.9,81.4,rain
2024-06-25,12:00 - 13:00,790,Tuesday,29.9,81.4,rain
2024-06-25,13:00 - 14:00,1032,Tuesday,29.9,81.4,rain
2024-06-25,14:00 - 15:00,1218,Tuesday,29.9,81.4,rain
2024-06-25,15:00 - 16:00,838,Tuesday,29.9,81.4,rain
2024-06-25,16:00 - 17:00,959,Tuesday,29.9,81.4,rain
2024-06-25,17:00 - 18:00,2218,Tuesday,29.9,81.4,rain
2024-06-25,18:00 - 19:00,2944,Tuesday,29.9,81.4,rain
2024-06-25,19:00 - 20:00,2653,Tuesday,29.9,81.4,rain
2024-06-25,20:00 - 21:00,1935,Tuesday,29.9,81.4,rain
2024-06-25,21:00 - 22:00,1589,Tuesday,29.9,81.4,rain
2024-06-25,22:00 - 23:00,338,Tuesday,29.9,81.4,rain
2024-06-26,06:00 - 07:00,409,Wednesday,32.6,63.9,partly-cloudy-day
2024-06-26,07:00 - 08:00,1392,Wednesday,32.6,63.9,partly-cloudy-day
2024-06-26,08:00 - 09:00,2328,Wednesday,32.6,63.9,partly-cloudy-day
2024-06-26,09:00 - 10:00,1958,Wednesday,32.6,63.9,partly-cloudy-day
2024-06-26,10:00 - 11:00,3445,Wednesday,32.6,63.9,partly-cloudy-day
2024-06-26,11:00 - 12:00,1282,Wednesday,32.6,63.9,partly-cloudy-day
2024-06-26,12:00 - 13:00,770,Wednesday,32.6,63.9,partly-cloudy-day
2024-06-26,13:00 - 14:00,1006,Wednesday,32.6,63.9,partly-cloudy-day
2024-06-26,14:00 - 15:00,1187,Wednesday,32.6,63.9,partly-cloudy-day
2024-06-26,15:00 - 16:00,818,Wednesday,32.6,63.9,partly-cloudy-day
2024-06-26,16:00 - 17:00,936,Wednesday,32.6,63.9,partly-cloudy-day
2024-06-26,17:00 - 18:00,2163,Wednesday,32.6,63.9,partly-cloudy-day
2024-06-26,18:00 - 19:00,2870,Wednesday,32.6,63.9,partly-cloudy-day
2024-06-26,19:00 - 20:00,2587,Wednesday,32.6,63.9,partly-cloudy-day
2024-06-26,20:00 - 21:00,1887,Wednesday,32.6,63.9,partly-cloudy-day
2024-06-26,21:00 - 22:00,1549,Wednesday,32.6,63.9,partly-cloudy-day
2024-06-26,22:00 - 23:00,330,Wednesday,32.6,63.9,partly-cloudy-day
2024-06-27,06:00 - 07:00,514,Thursday,31.1,78.1,partly-cloudy-day
2024-06-27,07:00 - 08:00,1752,Thursday,31.1,78.1,partly-cloudy-day
2024-06-27,08:00 - 09:00,2930,Thursday,31.1,78.1,partly-cloudy-day
2024-06-27,09:00 - 10:00,2465,Thursday,31.1,78.1,partly-cloudy-day
2024-06-27,10:00 - 11:00,4336,Thursday,31.1,78.1,partly-cloudy-day
2024-06-27,11:00 - 12:00,1613,Thursday,31.1,78.1,partly-cloudy-day
2024-06-27,12:00 - 13:00,970,Thursday,31.1,78.1,partly-cloudy-day
2024-06-27,13:00 - 14:00,1267,Thursday,31.1,78.1,partly-cloudy-day
2024-06-27,14:00 - 15:00,1494,Thursday,31.1,78.1,partly-cloudy-day
2024-06-27,15:00 - 16:00,1029,Thursday,31.1,78.1,partly-cloudy-day
2024-06-27,16:00 - 17:00,1178,Thursday,31.1,78.1,partly-cloudy-day
2024-06-27,17:00 - 18:00,2722,Thursday,31.1,78.1,partly-cloudy-day
2024-06-27,18:00 - 19:00,3613,Thursday,31.1,78.1,partly-cloudy-day
2024-06-27,19:00 - 20:00,3257,Thursday,31.1,78.1,partly-cloudy-day
2024-06-27,20:00 - 21:00,2376,Thursday,31.1,78.1,partly-cloudy-day
2024-06-27,21:00 - 22:00,1950,Thursday,31.1,78.1,partly-cloudy-day
2024-06-27,22:00 - 23:00,415,Thursday,31.1,78.1,partly-cloudy-day
2024-06-28,06:00 - 07:00,494,Friday,29.5,87.3,rain
2024-06-28,07:00 - 08:00,1684,Friday,29.5,87.3,rain
2024-06-28,08:00 - 09:00,2816,Friday,29.5,87.3,rain
2024-06-28,09:00 - 10:00,2369,Friday,29.5,87.3,rain
2024-06-28,10:00 - 11:00,4167,Friday,29.5,87.3,rain
2024-06-28,11:00 - 12:00,1550,Friday,29.5,87.3,rain
2024-06-28,12:00 - 13:00,932,Friday,29.5,87.3,rain
2024-06-28,13:00 - 14:00,1217,Friday,29.5,87.3,rain
2024-06-28,14:00 - 15:00,1436,Friday,29.5,87.3,rain
2024-06-28,15:00 - 16:00,989,Friday,29.5,87.3,rain
2024-06-28,16:00 - 17:00,1132,Friday,29.5,87.3,rain
2024-06-28,17:00 - 18:00,2616,Friday,29.5,87.3,rain
2024-06-28,18:00 - 19:00,3472,Friday,29.5,87.3,rain
2024-06-28,19:00 - 20:00,3130,Friday,29.5,87.3,rain
2024-06-28,20:00 - 21:00,2283,Friday,29.5,87.3,rain
2024-06-28,21:00 - 22:00,1874,Friday,29.5,87.3,rain
2024-06-28,22:00 - 23:00,399,Friday,29.5,87.3,rain
2024-06-29,06:00 - 07:00,597,Saturday,28.8,79.9,rain
2024-06-29,07:00 - 08:00,2034,Saturday,28.8,79.9,rain
2024-06-29,08:00 - 09:00,3403,Saturday,28.8,79.9,rain
2024-06-29,09:00 - 10:00,2862,Saturday,28.8,79.9,rain
2024-06-29,10:00 - 11:00,5035,Saturday,28.8,79.9,rain
2024-06-29,11:00 - 12:00,1874,Saturday,28.8,79.9,rain
2024-06-29,12:00 - 13:00,1126,Saturday,28.8,79.9,rain
2024-06-29,13:00 - 14:00,1471,Saturday,28.8,79.9,rain
2024-06-29,14:00 - 15:00,1736,Saturday,28.8,79.9,rain
2024-06-29,15:00 - 16:00,1195,Saturday,28.8,79.9,rain
2024-06-29,16:00 - 17:00,1368,Saturday,28.8,79.9,rain
2024-06-29,17:00 - 18:00,3161,Saturday,28.8,79.9,rain
2024-06-29,18:00 - 19:00,4196,Saturday,28.8,79.9,rain
2024-06-29,19:00 - 20:00,3782,Saturday,28.8,79.9,rain
2024-06-29,20:00 - 21:00,2759,Saturday,28.8,79.9,rain
2024-06-29,21:00 - 22:00,2264,Saturday,28.8,79.9,rain
2024-06-29,22:00 - 23:00,482,Saturday,28.8,79.9,rain
2024-06-30,06:00 - 07:00,489,Sunday,28.0,82.0,rain
2024-06-30,07:00 - 08:00,1666,Sunday,28.0,82.0,rain
2024-06-30,08:00 - 09:00,2787,Sunday,28.0,82.0,rain
2024-06-30,09:00 - 10:00,2344,Sunday,28.0,82.0,rain
2024-06-30,10:00 - 11:00,4124,Sunday,28.0,82.0,rain
2024-06-30,11:00 - 12:00,1535,Sunday,28.0,82.0,rain
2024-06-30,12:00 - 13:00,922,Sunday,28.0,82.0,rain
2024-06-30,13:00 - 14:00,1205,Sunday,28.0,82.0,rain
2024-06-30,14:00 - 15:00,1422,Sunday,28.0,82.0,rain
2024-06-30,15:00 - 16:00,979,Sunday,28.0,82.0,rain
2024-06-30,16:00 - 17:00,1120,Sunday,28.0,82.0,rain
2024-06-30,17:00 - 18:00,2589,Sunday,28.0,82.0,rain
2024-06-30,18:00 - 19:00,3437,Sunday,28.0,82.0,rain
2024-06-30,19:00 - 20:00,3098,Sunday,28.0,82.0,rain
2024-06-30,20:00 - 21:00,2260,Sunday,28.0,82.0,rain
2024-06-30,21:00 - 22:00,1855,Sunday,28.0,82.0,rain
2024-06-30,22:00 - 23:00,395,Sunday,28.0,82.0,rain
